PCOD;IDGRUPO;IDSUBGRUPO;IDFORN;IDGPRECO;PABCFISICA;PGENERICO;MARCA;MODELO;PDESC;PUNIDADE;PVLUVEN3;PVLUVENDA;SALDO
12;0;"1501";10;"";"B";"";"MAX TITANIUM";"";"100% WHEY POTE 900G BAUNILHA - MAX TITANIUM";"UND";79.76;99.90;9
13;0;"1501";10;"";"S";"";"MAX TITANIUM";"";"100% WHEY POTE 900G CHOCOLATE - MAX TITANIUM";"UND";79.76;99.90;36
14;0;"1501";10;"";"Q";"";"MAX TITANIUM";"";"100% WHEY POTE 900G COOKIES E CREAM - MAX TITANIUM";"UND";79.76;99.90;31
15;0;"1501";10;"";"M";"";"MAX TITANIUM";"";"100% WHEY POTE 900G MORANGO - MAX TITANIUM";"UND";79.76;99.90;16
20;0;"1501";3;"";"B";"";"BODY ACTION";"14";"100% WHEY PRIME REFIL 900G BAUNILHA - BODY ACTION";"UND";62.06;89.90;0
21;0;"1501";3;"";"B";"";"BODY ACTION";"14";"100% WHEY PRIME REFIL 900G CHOCOLATE - BODY ACTION";"UND";62.06;89.90;6
22;0;"1501";3;"";"B";"";"BODY ACTION";"14";"100% WHEY PRIME REFIL 900G MORANGO - BODY ACTION";"UND";62.06;89.90;0
23;0;"1501";10;"";"S";"";"MAX TITANIUM";"";"100% WHEY REFIL 900G CHOCOLATE - MAX TITANIUM";"UND";75.07;99.90;78
24;0;"1501";10;"";"S";"";"MAX TITANIUM";"";"100% WHEY REFIL 900G MORANGO - MAX TITANIUM";"UND";74.99;99.90;29
25;0;"1501";10;"";"Q";"";"MAX TITANIUM";"";"100% WHEY REFIL 900G BAUNILHA - MAX TITANIUM";"UND";74.99;99.90;26
26;0;"1501";10;"";"Q";"";"MAX TITANIUM";"";"100% WHEY REFIL 900G COOKIES E CREAM - MAX TITANIU";"UND";74.99;99.90;28
30;0;"1501";3;"";"";"";"BODY ACTION";"";"3 WHEY TOP TASTE 900GR MORANGO - BODY ACTION";"UND";29.90;97.90;0
36;0;"0201";12;"";"S";"";"NATUROVOS";"17";"ALBUMINA SABOR BAUNILHA - NATUROVOS";"UND";17.28;34.90;9
37;0;"0201";12;"";"S";"";"NATUROVOS";"17";"ALBUMINA SABOR CHOCOLATE - NATUROVOS";"UND";17.73;34.90;81
38;0;"0201";12;"";"B";"";"NATUROVOS";"17";"ALBUMINA SABOR MOCACCINO - NATUROVOS";"UND";18.71;34.90;0
39;0;"0201";12;"";"S";"";"NATUROVOS";"17";"ALBUMINA SABOR MORANGO - NATUROVOS";"UND";17.28;34.90;0
40;0;"0201";12;"";"D";"";"NATUROVOS";"17";"ALBUMINA SABOR NATURAL - NATUROVOS";"UND";16.51;34.90;154
59;0;"1301";3;"";"B";"";"BODY ACTION";"";"BETA ALANINA 130G - BODY ACTION";"UND";27.33;46.90;30
70;0;"1901";8;"";"Q";"";"INTEGRAL MEDICA";"";"BOOSTER DRINK APPLE DREAM - INTEGRAL MEDICA";"UND";4.46;7.90;22
71;0;"1901";8;"";"S";"";"INTEGRAL MEDICA";"";"BOOSTER DRINK ENERGY DRINK - INTEGRAL MEDICA";"UND";2.67;7.90;295
72;0;"1401";3;"";"B";"";"BODY ACTION";"28";"CAFEINA 200MG 30 CAPS - BODY ACTION";"UND";9.90;18.59;358
87;0;"1501";8;"";"Q";"";"INTEGRAL MEDICA";"32";"CARNIBOL CHOCOLATE 907G - INTEGRAL MEDICA";"UND";96.56;135.90;0
88;0;"1501";8;"";"B";"";"INTEGRAL MEDICA";"32";"CARNIBOL SALTCARAMELO 907G - INTEGRAL MEDICA";"UND";62.07;135.90;0
91;0;"1401";3;"";"T";"";"BODY ACTION";"35";"CHA ABDOMEN 140G - BODY ACTION";"UND";23.58;35.90;29
105;0;"0501";3;"";"B";"";"BODY ACTION";"1307";"COLAGENO VERISOL ABACAXI/HORTELA 200G - BODY ACTIO";"UND";31.96;57.50;11
106;0;"0501";3;"";"B";"";"BODY ACTION";"1307";"COLAGENO VERISOL LARANJA COM ACEROLA 200G - BODY A";"UND";31.96;57.50;35
107;0;"0501";3;"";"B";"";"BODY ACTION";"1307";"COLAGENO VERISOL LIMAO COM CLOROFILA 200G - BODY A";"UND";31.96;57.50;50
108;0;"0501";3;"";"B";"";"BODY ACTION";"1307";"COLAGENO VERISOL UVA 200G - BODY ACTION";"UND";31.96;57.50;8
109;0;"0501";3;"";"B";"";"BODY ACTION";"1307";"COLAGENO VERISOL NATURAL 200G - BODY ACTION";"UND";31.96;57.50;10
144;0;"0101";10;"";"Z";"";"MAX TITANIUM";"1264";"COQUETELEIRA 1 DOSE INCOLOR - MAX TITANIUM";"UND";3;14.90;0
157;0;"0101";8;"";"T";"";"INTEGRAL MEDICA";"1277";"COQUETELEIRA DARKNESS 1L";"UND";12.10;17.55;0
160;0;"0701";8;"";"D";"";"INTEGRAL MEDICA";"";"CREATINA 150G - INTEGRAL MEDICA";"UND";28.56;42.90;0
163;0;"0701";8;"";"D";"";"INTEGRAL MEDICA";"";"CREATINA 300G - INTEGRALMEDICA";"UND";51.96;67.90;0
170;0;"0701";10;"";"D";"";"MAX TITANIUM";"";"CREATINE 150G - MAX TITANIUM";"UND";16.90;44.90;1
171;0;"0701";10;"";"D";"";"MAX TITANIUM";"";"CREATINE 300G - MAX TITANIUM";"UND";49.56;67.90;241
172;0;"0701";8;"";"Q";"";"INTEGRAL MEDICA";"";"CREATINE 300G DARKNESS - INTEGRAL MEDICA";"UND";51;69.90;188
173;0;"0701";3;"";"Q";"";"BODY ACTION";"";"CREATINE DOUBLE FORCE 150G - BODY ACTION";"UND";10.18;25.90;66
174;0;"0701";3;"";"B";"";"BODY ACTION";"";"CREATINE DOUBLE FORCE 300G - BODY ACTION";"UND";18.33;45.90;0
175;0;"0701";3;"";"T";"";"BODY ACTION";"";"CREATINE MONOHYDRATE 150G - BODY ACTION";"UND";22.89;39.90;0
176;0;"0701";3;"";"T";"";"BODY ACTION";"";"CREATINE MONOHYDRATE 300G - BODY ACTION";"UND";28.97;69.90;46
177;0;"0401";8;"";"S";"";"INTEGRAL MEDICA";"70";"CRISP BAR CHEESECAKE FRUTAS VERM 12 UND - INTEGRAL";"DP";54.94;69.90;11.95
178;0;"0401";8;"";"S";"";"INTEGRAL MEDICA";"70";"CRISP BAR CHURROS 12 UND - INTEGRAL MEDICA";"DP";54.94;69.90;10.95
179;0;"0401";8;"";"S";"";"INTEGRAL MEDICA";"70";"CRISP BAR DOCE COCO 12 UND - INTEGRAL MEDICA";"DP";47.83;69.90;0
180;0;"0401";8;"";"D";"";"INTEGRAL MEDICA";"70";"CRISP BAR LEITE NINHO COM CREME DE AVELA 12 UND -";"DP";4.40;69.90;38
181;0;"0401";8;"";"S";"";"INTEGRAL MEDICA";"70";"CRISP BAR PEANUT BUTTER 12 UND - INTEGRAL MEDICA";"DP";54.94;69.90;10.95
182;0;"0401";8;"";"S";"";"INTEGRAL MEDICA";"70";"CRISP BAR ROMEU JULIETA 12 UND - INTEGRAL MEDICA";"DP";54.94;69.90;10.95
183;0;"0401";8;"";"S";"";"INTEGRAL MEDICA";"70";"CRISP BAR TORTA LIMAO 12 UND - INTEGRAL MEDICA";"DP";4.56;69.90;145
184;0;"0401";8;"";"D";"";"INTEGRAL MEDICA";"70";"CRISP BAR TRUFA AVELA 12 UND - INTEGRAL MEDICA";"DP";54.94;69.90;88.71
188;0;"0401";8;"";"T";"";"INTEGRAL MEDICA";"73";"DARK BAR CHOCOLATE AMARGO DISPLAY C/ 8 UND - INTEG";"DP";69.26;98.90;1
189;0;"0401";8;"";"T";"";"INTEGRAL MEDICA";"73";"DARK BAR CHOCOLATE AO LEITE DISPLAY C/ 8 UND - INT";"DP";41.55;98.90;7
190;0;"0401";8;"";"Q";"";"INTEGRAL MEDICA";"73";"DARK BAR COOKIES CREAM NIBS DE CACAU DISPLAY C/ 8";"DP";69.26;98.90;8
191;0;"0401";8;"";"B";"";"INTEGRAL MEDICA";"73";"DARK BAR CREME DE COCO COM CASTANHA - INTEGRAL MED";"DP";41.55;98.90;8
192;0;"0401";8;"";"B";"";"INTEGRAL MEDICA";"73";"DARK BAR DOCE DE LEITE E CHOCO DISPLAY C/ 8 UND -";"DP";41.55;98.90;10
193;0;"0401";8;"";"B";"";"INTEGRAL MEDICA";"73";"DARK BAR FLOCOS COM CHOC DISPLAY C/ 8 UND - INTEGR";"DP";69.26;98.90;7
194;0;"0401";8;"";"Z";"";"INTEGRAL MEDICA";"73";"DARK BAR FRUTAS VERMELHAS COM CHOCO CHIPS DISPLAY";"DP";69.26;98.90;8
195;0;"0401";8;"";"Z";"";"INTEGRAL MEDICA";"73";"DARK BAR PEANUT BUTTER DISPLAY C/ 8 UND - INTEGRAL";"DP";69.26;98.90;8
203;0;"1401";13;"";"D";"";"POWER SUPLEMENT";"";"DESODALINA 60 CAPS - POWER SUPLEMENTOS";"UND";37.20;55.88;33
211;0;"1401";13;"";"Q";"";"POWER SUPLEMENT";"83";"DILATEX 120 CAPS - POWER SUPLEMENTOS";"UND";43.32;61.88;26
215;0;"1301";10;"";"B";"";"MAX TITANIUM";"";"EGIDE 150G ACAI COM GUARANA - MAX TITANIUM";"UND";27.07;67.90;0
216;0;"1301";10;"";"Q";"";"MAX TITANIUM";"";"EGIDE 150G FRUTAS SILVESTRES - MAX TITANIUM";"UND";27.07;67.90;0
217;0;"1301";10;"";"B";"";"MAX TITANIUM";"";"EGIDE 150G FRUTAS VERMELHAS - MAX TITANIUM";"UND";27.07;67.90;0
218;0;"1301";10;"";"Q";"";"MAX TITANIUM";"";"EGIDE 150G LIMAO - MAX TITANIUM";"UND";27.07;67.90;0
219;0;"1301";10;"";"Q";"";"MAX TITANIUM";"";"EGIDE 300G ACAI COM GUARANA - MAX TITANIUM";"UND";72.07;107.90;5
220;0;"1301";10;"";"B";"";"MAX TITANIUM";"";"EGIDE 300G FRUTAS SILVESTRES - MAX TITANIUM";"UND";43.24;107.90;17
221;0;"1301";10;"";"B";"";"MAX TITANIUM";"";"EGIDE 300G FRUTAS VERMELHAS - MAX TITANIUM";"UND";72.07;107.90;0
222;0;"1301";10;"";"B";"";"MAX TITANIUM";"";"EGIDE 300G LIMAO - MAX TITANIUM";"UND";72.07;107.90;9
224;0;"0601";3;"";"B";"";"BODY ACTION";"";"ENERGEL BLACK CX C/ 10 SACHES ABACAXI - BODY ACTIO";"UND";14.99;25.70;5
225;0;"0601";3;"";"Q";"";"BODY ACTION";"";"ENERGEL BLACK CX C/ 10 SACHES F VERMELHAS - BODYAC";"UND";14.99;25.70;0
226;0;"0601";3;"";"B";"";"BODY ACTION";"";"ENERGEL BLACK CX C/ 10 SACHES GUARANA COM ACAI - B";"UND";14.99;25.70;0
227;0;"0601";3;"";"T";"";"BODY ACTION";"";"ENERGEL BLACK CX C/ 10 SACHES LIMONADA - BODY ACTI";"UND";14.99;25.70;65
228;0;"0601";3;"";"B";"";"BODY ACTION";"";"ENERGEL BLACK CX C/ 10 SACHES MORANGO - BODY ACTIO";"UND";14.28;25.70;0
241;0;"1301";8;"";"T";"";"INTEGRAL MEDICA";"";"EVORA DRINK 269ML MACA VERDE - INTEGRAL MEDICA";"UND";2.61;7.90;0
242;0;"1301";8;"";"Q";"";"INTEGRAL MEDICA";"";"EVORA FRUTAS AMARELAS 150G - INTEGRAL MEDICA";"UND";21.57;55.90;81
243;0;"1301";8;"";"S";"";"INTEGRAL MEDICA";"";"EVORA FRUTAS AMARELAS 300G - INTEGRAL MEDICA";"UND";57.96;89.90;160
244;0;"1301";8;"";"S";"";"INTEGRAL MEDICA";"";"EVORA FRUTAS VERMELHAS 150G - INTEGRAL MEDICA";"UND";21.57;55.90;0
245;0;"1301";8;"";"S";"";"INTEGRAL MEDICA";"";"EVORA FRUTAS VERMELHAS 300G - INTEGRAL MEDICA";"UND";57.96;89.90;225
246;0;"1301";8;"";"Q";"";"INTEGRAL MEDICA";"";"EVORA LIMAO 150G - INTEGRAL MEDICA";"UND";21.57;55.90;61
247;0;"1301";8;"";"S";"";"INTEGRAL MEDICA";"";"EVORA LIMAO 300G - INTEGRAL MEDICA";"UND";57.96;89.90;163
248;0;"1301";8;"";"S";"";"INTEGRAL MEDICA";"";"EVORA MACA VERDE 150G - INTEGRAL MEDICA";"UND";21.57;55.90;0
249;0;"1301";8;"";"Q";"";"INTEGRAL MEDICA";"";"EVORA MACA VERDE 300G - INTEGRAL MEDICA";"UND";38.85;89.90;65
250;0;"1301";8;"";"Q";"";"INTEGRAL MEDICA";"";"EVORA UVA 150G - INTEGRAL MEDICA";"UND";21.57;55.90;16
251;0;"1301";8;"";"S";"";"INTEGRAL MEDICA";"";"EVORA UVA 300G - INTEGRAL MEDICA";"UND";57.96;89.90;206
254;0;"1401";10;"";"B";"";"MAX TITANIUM";"";"FIRE BLACK  60 CAPS - MAX TITANIUM";"UND";19.34;29.89;22
265;0;"0301";8;"";"S";"";"INTEGRAL MEDICA";"107";"L - GLUTAMINA 300G - INTEGRAL MEDICA";"UND";35.66;57.90;0
272;0;"0901";3;"";"Q";"";"BODY ACTION";"114";"HARD MASS 3KG BAUNILHA - BODY ACTION";"UND";38.90;74.90;9
273;0;"0901";3;"";"Q";"";"BODY ACTION";"114";"HARD MASS 3KG CHOCOLATE - BODY ACTION";"UND";38.90;74.90;0
274;0;"0901";3;"";"Q";"";"BODY ACTION";"114";"HARD MASS 3KG MORANGO - BODY ACTION";"UND";38.90;74.90;24
281;0;"1301";10;"";"Q";"";"MAX TITANIUM";"";"HORUS 150G SABOR AMORA - MAX TITANIUM";"UND";24.97;62.50;0
282;0;"1301";10;"";"B";"";"MAX TITANIUM";"";"HORUS 150G SABOR BLUE ICE - MAX TITANIUM";"UND";24.97;62.50;0
283;0;"1301";10;"";"B";"";"MAX TITANIUM";"";"HORUS 150G SABOR CITRUS - MAX TITANIUM";"UND";24.97;62.50;0
285;0;"1301";10;"";"S";"";"MAX TITANIUM";"";"HORUS 150G SABOR FRUTAS VERMELHAS - MAX TITANIUM";"UND";24.97;62.50;0
286;0;"1301";10;"";"B";"";"MAX TITANIUM";"";"HORUS 150G SABOR LIMAO YUZU - MAX TITANIUM";"UND";24.97;62.50;0
287;0;"1301";10;"";"Q";"";"MAX TITANIUM";"";"HORUS 150G SABOR MACA VERDE - MAX TITANIUM";"UND";24.97;62.50;0
288;0;"1301";10;"";"B";"";"MAX TITANIUM";"";"HORUS 300G SABOR AMORA - MAX TITANIUM";"UND";86.91;96.90;0
289;0;"1301";10;"";"Q";"";"MAX TITANIUM";"";"HORUS 300G SABOR BLUE ICE - MAX TITANIUM";"UND";38.83;96.90;0
290;0;"1301";10;"";"Q";"";"MAX TITANIUM";"";"HORUS 300G SABOR CITRUS - MAX TITANIUM";"UND";38.83;96.90;5
292;0;"1301";10;"";"Q";"";"MAX TITANIUM";"";"HORUS 300G SABOR FRUTAS VERMELHAS - MAX TITANIUM";"UND";86.90;96.90;0
293;0;"1301";10;"";"S";"";"MAX TITANIUM";"";"HORUS 300G SABOR LIMAO YUZU - MAX TITANIUM";"UND";38.83;96.90;11
294;0;"1301";10;"";"Q";"";"MAX TITANIUM";"";"HORUS 300G SABOR MACA VERDE - MAX TITANIUM";"UND";86.91;96.90;0
296;0;"1401";13;"";"Q";"";"POWER SUPLEMENT";"";"IMPURO DILATEX 120 CAPS - POWER SUPLEMENTOS";"UND";80.19;82.87;11
298;0;"1401";8;"";"B";"";"INTEGRAL MEDICA";"";"LIPO DRY 60 CPS - INTEGRAL MEDICA";"UND";53.96;78.90;0
314;0;"1501";3;"";"B";"";"BODY ACTION";"126";"ISOLATE PRIME WHEY 900G BAUNILHA - BODY ACTION";"UND";103.92;143.90;81
315;0;"1501";3;"";"Q";"";"BODY ACTION";"126";"ISOLATE PRIME WHEY 900G CHOCOLATE - BODY ACTION";"UND";103.92;143.90;86
316;0;"1501";3;"";"B";"";"BODY ACTION";"126";"ISOLATE PRIME WHEY 900G MORANGO - BODY ACTION";"UND";103.92;143.90;16
317;0;"1501";8;"";"T";"";"INTEGRAL MEDICA";"";"ISOTRIPLE ZERO POTE 907G BAUNILHA - INTEGRAL MEDIC";"UND";134.96;195.90;0
318;0;"1501";8;"";"T";"";"INTEGRAL MEDICA";"";"ISOTRIPLE ZERO POTE 907G CHOCOLATE - INTEGRAL MEDI";"UND";134.96;195.90;25
320;0;"1501";8;"";"T";"";"INTEGRAL MEDICA";"";"ISOTRIPLE ZERO POTE 907G MORANGO - INTEGRAL MEDICA";"UND";134.96;195.90;10
324;0;"1401";3;"";"Z";"";"BODY ACTION";"131";"L - CARNITINE PURE 2000  480ML  - ABACAXI COM HORT";"UND";33.33;53.90;0
325;0;"1401";3;"";"T";"";"BODY ACTION";"131";"L - CARNITINE PURE 2000  480ML  - LIMAO - BODY ACT";"UND";33.33;53.90;0
327;0;"0301";10;"";"Z";"";"MAX TITANIUM";"133";"L - GLUTAMINA 300G - MAX TITANIUM";"UND";49.16;71.87;1
334;0;"1001";11;"";"B";"";"MAXINUTRI";"139";"LUTEIMAX (LUTEINA+ ZEAXANTINA) 20MG  60 CAPS - MAX";"UND";17.67;27.91;0
341;0;"0601";3;"";"Q";"";"BODY ACTION";"145";"MALTO DEXTRINA GUARANA COM ACAI - BODY ACTION";"UND";12.72;19.67;0
342;0;"0601";3;"";"B";"";"BODY ACTION";"145";"MALTO DEXTRINA LARANJA COM ACEROLA - BODY ACTION";"UND";12.11;19.67;0
343;0;"0601";3;"";"Q";"";"BODY ACTION";"145";"MALTO DEXTRINA LIMAO - BODY ACTION";"UND";12.72;19.67;55
344;0;"0601";3;"";"B";"";"BODY ACTION";"145";"MALTO DEXTRINA MORANGO SILVESTRE - BODY ACTION";"UND";12.72;19.67;15
345;0;"0601";3;"";"Q";"";"BODY ACTION";"145";"MALTO DEXTRINA UVA - BODY ACTION";"UND";12.72;19.67;10
355;0;"0901";10;"";"B";"";"MAX TITANIUM";"147";"MASS TITANIUM 17500 ZERO LACTOSE REFIL 24KG CHOCOL";"UND";31.27;84.87;13
356;0;"0901";10;"";"B";"";"MAX TITANIUM";"147";"MASS TITANIUM 17500 ZERO LACTOSE REFIL 24KG MORANG";"UND";31.27;84.87;9
357;0;"0901";10;"";"S";"";"MAX TITANIUM";"147";"MASS TITANIUM REFIL 3 KG BAUNILHA - MAX TITANIUM";"UND";55.97;83.90;0
358;0;"0901";10;"";"S";"";"MAX TITANIUM";"147";"MASS TITANIUM REFIL 3 KG CHOCOLATE - MAX TITANIUM";"UND";55.97;83.90;0
360;0;"0901";10;"";"S";"";"MAX TITANIUM";"147";"MASS TITANIUM REFIL 3KG MORANGO - MAX TITANIUM";"UND";33.58;83.90;0
369;0;"1401";3;"";"T";"";"BODY ACTION";"154";"NIGHT ABDOMEN 60 CAPS - BODY ACTION";"UND";29.31;51.92;84
371;0;"1301";3;"";"Q";"";"BODY ACTION";"2636";"NUCLEAR RUSH 100G GUARANA - BODY ACTION";"UND";26.20;46.90;47
372;0;"1301";3;"";"B";"";"BODY ACTION";"2636";"NUCLEAR RUSH 100G LIMAO - BODY ACTION";"UND";26.20;46.90;30
373;0;"1301";3;"";"Q";"";"BODY ACTION";"2636";"NUCLEAR RUSH 100G MORANGO - BODY ACTION";"UND";26.20;46.90;118
374;0;"1301";3;"";"B";"";"BODY ACTION";"2636";"NUCLEAR RUSH 100G UVA - BODY ACTION";"UND";26.20;46.90;18
375;0;"1301";3;"";"T";"";"BODY ACTION";"2632";"NUCLEAR RUSH 60 CAPS - BODY ACTION";"UND";31.21;55.90;34
376;0;"1301";3;"";"Q";"";"BODY ACTION";"2635";"NUCLEAR RUSH GEL DISPLAY C/10 SACHES 25G FRUTAS VE";"UND";15.73;27.86;0
377;0;"1301";3;"";"Q";"";"BODY ACTION";"2635";"NUCLEAR RUSH GEL DISPLAY C/10 SACHES 25G GUARANA -";"UND";14.98;27.86;0
388;0;"1501";8;"";"S";"";"INTEGRAL MEDICA";"165";"NUTRIWHEY BAUNILHA REFIL 907G - INTEGRAL MEDICA";"UND";42.75;61.90;0
389;0;"1501";8;"";"D";"";"INTEGRAL MEDICA";"165";"NUTRIWHEY CHOCOLATE REFIL 907G - INTEGRAL MEDICA";"UND";42.75;61.90;0
390;0;"1501";8;"";"S";"";"INTEGRAL MEDICA";"165";"NUTRIWHEY MORANGO REFIL 907G - INTEGRAL MEDICA";"UND";42.75;61.90;0
413;0;"1101";5;"";"Q";"";"DR PEANUT";"178";"PASTA DE AM AVELA 600G - DR PEANUT";"UND";31.47;41.90;292
414;0;"1101";5;"";"T";"";"DR PEANUT";"179";"PASTA DE AM BUENISSIMO 600G - DR PEANUT";"UND";31.47;41.90;0
417;0;"1101";5;"";"T";"";"DR PEANUT";"182";"PASTA DE AM COOKIES E CREAM 600G - DR PEANUT";"UND";31.47;41.90;89
418;0;"1101";5;"";"T";"";"DR PEANUT";"183";"PASTA DE AM LEITE EM PO 600G - DR PEANUT";"UND";31.47;41.90;0
424;0;"0401";10;"";"B";"";"MAX TITANIUM";"189";"POWER PROTEIN BAR CHOCOLATE COM COCO 12UN DE 41G -";"DP";43.37;64.90;0
425;0;"0401";10;"";"Z";"";"MAX TITANIUM";"190";"POWER PROTEIN BAR CHOCOLATE COM COCO 8UN DE 90G -";"DP";57.72;83.90;5
426;0;"0401";10;"";"B";"";"MAX TITANIUM";"189";"POWER PROTEIN BAR COOKIES 12UN DE 41G - MAX TITANI";"DP";43.37;64.90;0
427;0;"0401";10;"";"Z";"";"MAX TITANIUM";"190";"POWER PROTEIN BAR COOKIES 8UN DE 90G - MAX TITANIU";"DP";57.72;83.90;2
428;0;"0401";10;"";"B";"";"MAX TITANIUM";"189";"POWER PROTEIN BAR DARK CHOCOLATE TRUFFLE 12 UN DE";"DP";43.37;64.90;0
429;0;"0401";10;"";"Z";"";"MAX TITANIUM";"190";"POWER PROTEIN BAR DARK CHOCOLATE TRUFFLE 8 UN DE 9";"DP";57.72;83.90;2
430;0;"0401";10;"";"T";"";"MAX TITANIUM";"189";"POWER PROTEIN BAR MILK CARAMEL 12 UN DE 41G - MAX";"DP";43.37;64.90;0
431;0;"0401";10;"";"Z";"";"MAX TITANIUM";"190";"POWER PROTEIN BAR MILK CARAMEL 8 UN DE 90G - MAX T";"DP";57.72;83.90;3
433;0;"0401";10;"";"Z";"";"MAX TITANIUM";"190";"POWER PROTEIN BAR MORANGO SENSATION 8UN DE 90G - M";"DP";57.72;83.90;3
434;0;"0401";10;"";"B";"";"MAX TITANIUM";"189";"POWER PROTEIN BAR NAPOLITANO 12 UN DE 41G - MAX TI";"DP";43.37;64.90;0
435;0;"0401";10;"";"Z";"";"MAX TITANIUM";"190";"POWER PROTEIN BAR NAPOLITANO 8UN DE 90G - MAX TITA";"DP";57.72;83.90;2
436;0;"0401";10;"";"T";"";"MAX TITANIUM";"189";"POWER PROTEIN BAR PEANUT BUTTER 12 UN DE 41G - MAX";"DP";43.37;64.90;0
437;0;"0401";10;"";"Z";"";"MAX TITANIUM";"190";"POWER PROTEIN BAR PEANUT BUTTER 8 UN DE 90G - MAX";"DP";57.72;83.90;6
454;0;"1401";13;"";"Q";"";"POWER SUPLEMENT";"200";"SINEFLEX 120 CAPS - POWER SUPLEMENTOS";"UND";41.02;61.88;0
455;0;"1401";13;"";"B";"";"POWER SUPLEMENT";"201";"SINEFLEX HARDCORE 120 CAPS - POWER SUPLEMENTOS";"UND";38.97;67.87;0
474;0;"1501";10;"";"Q";"";"MAX TITANIUM";"206";"SUPER WHEY REFIL 900G BAUNILHA - MAX TITANIUM";"UND";38.12;56.90;0
475;0;"1501";10;"";"Q";"";"MAX TITANIUM";"206";"SUPER WHEY REFIL 900G CHOCOLATE -  MAX TITANIUM";"UND";38.12;56.90;0
476;0;"1501";10;"";"Q";"";"MAX TITANIUM";"206";"SUPER WHEY REFIL 900G MORANGO -  MAX TITANIUM";"UND";38.12;56.90;0
479;0;"1401";8;"";"B";"";"INTEGRAL MEDICA";"209";"THERMA PROHARDCORE 120 CAPS - INTEGRAL MEDICA";"UND";44.96;62.90;0
480;0;"1401";8;"";"Q";"";"INTEGRAL MEDICA";"209";"THERMA PROHARDCORE 60 CAPS - INTEGRAL MEDICA";"UND";26.96;37.90;0
481;0;"1401";3;"";"T";"";"BODY ACTION";"";"THERMO ABDOMEN 120 CAPS - BODY ACTION";"UND";44.96;64.90;42
482;0;"1401";3;"";"B";"";"BODY ACTION";"";"THERMO ABDOMEN 60 CAPS - BODY ACTION";"UND";24.98;42.15;124
493;0;"1501";10;"";"S";"";"MAX TITANIUM";"";"TOP WHEY 3W + SABOR COOKIES - MAX TITANIUM";"UND";102.56;149.90;29
496;0;"1501";10;"";"Q";"";"MAX TITANIUM";"";"TOP WHEY 3W 900G CHOCOLATE - MAX TITANIUM";"UND";102.56;149.90;27
497;0;"1501";10;"";"S";"";"MAX TITANIUM";"";"TOP WHEY 3W 900G MORANGO - MAX TITANIUM";"UND";94.46;149.90;1
498;0;"1501";10;"";"Q";"";"MAX TITANIUM";"";"TOP WHEY 3W 900GR BAUNILHA - MAX TITANIUM";"UND";102.56;149.90;6
499;0;"1501";10;"";"B";"";"MAX TITANIUM";"224";"TOP WHEY BAR AMENDOIM DISPLAY COM 12 UN DE 41G - M";"DP";21.61;53.90;7
500;0;"1501";10;"";"S";"";"MAX TITANIUM";"224";"TOP WHEY BAR BRIGADEIRO DISPLAY COM 12 UN DE 41G -";"DP";21.61;53.90;0
501;0;"1501";10;"";"Q";"";"MAX TITANIUM";"224";"TOP WHEY BAR CHOCOLATE COM AVELA DISPLAY COM 12 UN";"DP";21.61;53.90;0
502;0;"1501";10;"";"Q";"";"MAX TITANIUM";"224";"TOP WHEY BAR DOCE DE LEITE DISPLAY COM 12 UN DE 41";"DP";21.61;53.90;0
505;0;"1401";13;"";"Q";"";"POWER SUPLEMENT";"228";"T-SEK 120G - POWER SUPLEMENTOS";"UND";41.02;61.88;0
537;0;"1501";8;"";"T";"";"INTEGRAL MEDICA";"1239";"WHEY POTE 100% PURE BAUNILHA 907G - INTEGRAL MEDIC";"UND";79.99;109.90;17
538;0;"1501";8;"";"Q";"";"INTEGRAL MEDICA";"1239";"WHEY POTE 100% PURE CHOCOLATE 907G -  INTEGRAL MED";"UND";79.99;109.90;38
540;0;"1501";8;"";"B";"";"INTEGRAL MEDICA";"1239";"WHEY POTE 100% PURE COOKIES 907G -  INTEGRAL MEDIC";"UND";79.99;109.90;18
541;0;"1501";8;"";"T";"";"INTEGRAL MEDICA";"1239";"WHEY POTE 100% PURE MORANGO 907G -  INTEGRAL MEDIC";"UND";79.99;109.90;18
542;0;"1501";8;"";"S";"";"INTEGRAL MEDICA";"1240";"WHEY REFIL 100% PURE BAUNILHA  907G - INTEGRAL MED";"UND";78.36;95.90;0
544;0;"1501";8;"";"S";"";"INTEGRAL MEDICA";"1240";"WHEY REFIL 100% PURE CHOCOLATE 907G - INTEGRAL MED";"UND";78.36;95.90;0
545;0;"1501";8;"";"Q";"";"INTEGRAL MEDICA";"1241";"WHEY REFIL 100% PURE CHOCOLATE MALTADO - INTEGRAL";"UND";78.36;95.90;0
547;0;"1501";8;"";"S";"";"INTEGRAL MEDICA";"1241";"WHEY REFIL 100% PURE COOKIES 900G - INTEGRAL MEDIC";"UND";78.36;95.90;0
548;0;"1501";8;"";"Q";"";"INTEGRAL MEDICA";"1241";"WHEY REFIL 100% PURE MORANGO  907G - INTEGRAL MEDI";"UND";78.36;95.90;0
553;0;"0801";10;"";"B";"";"MAX TITANIUM";"1246";"ZMA 90 CAPS - MAX TITANIUM";"UND";32.76;42.90;0
554;0;"0801";3;"";"B";"";"BODY ACTION";"1247";"ZMA GH - TESTO PRO 30 CAPS - BODY ACTION";"UND";11.46;21.32;109
557;0;"0301";8;"";"Q";"";"INTEGRAL MEDICA";"";"MEGA PACK 30 PACKS DARKNESS";"UND";94.46;132.90;28
566;0;"0401";10;"";"B";"";"MAX TITANIUM";"";"POWER PROTEIN BAR BOMBOM DE AVELA COM COCO 12";"DP";26.02;64.90;43
567;0;"1401";3;"";"B";"";"BODY ACTION";"";"THERMORO 60 COMP. - BODY ACTION";"UND";26.16;44.90;262
568;0;"1101";5;"";"Z";"";"DR PEANUT";"";"PASTA DE AM 600G - CHOCOLATE BRANCO - DR PEANUT";"UND";31.47;41.90;15
569;0;"1101";5;"";"B";"";"DR PEANUT";"";"PASTA DE AM 600G - BRIGADEIRO DE COLHER - DR PEAN";"UND";31.47;41.90;2
593;0;"0401";8;"";"D";"";"INTEGRAL MEDICA";"2368";"CRISP BAR DUO CRUNCH 12 UNI - INTEGRAL MEDICA";"DP";4.56;69.90;135
595;0;"1301";10;"";"Z";"";"MAX TITANIUM";"2362";"EGIDE 300G SABOR ABACAXI E MANGA- MAX TITANIUM";"UND";72.07;107.90;14
598;0;"0501";3;"";"B";"";"BODY ACTION";"1307";"COLAGENO VERISOL FRUTAS VERMELHAS 200G - BODY ACTI";"UND";31.96;57.50;0
606;0;"1101";5;"";"T";"";"DR PEANUT";"2347";"PASTA DE AM CHOCOTINE 600G - DR PEANUT";"UND";31.47;41.90;0
608;0;"1601";18;"";"Q";"";"UNIAO VEGETAL";"1289";"LONG JACK 60X900MG - UNIAO VEGETAL";"UND";60.44;87.17;0
645;0;"1501";10;"";"Z";"";"MAX TITANIUM";"2358";"TOP VEGAN PROTEIN POTE 600G CHOCOLATE";"UND";83.97;125.90;23
647;0;"1901";10;"";"B";"";"MAX TITANIUM";"2418";"MAX ENERGY 269 ML FRAMBOESA - MAX TITANIUM";"UND";4.99;7.40;90
648;0;"0701";8;"";"S";"";"INTEGRAL MEDICA";"1299";"CREATINA  60 CPS - INTEGRAL MEDICA";"UND";17.51;27.90;0
649;0;"0701";8;"";"Q";"";"INTEGRAL MEDICA";"1299";"CREATINA 120 CPS - INTEGRAL";"UND";31.30;48.88;4
650;0;"0401";8;"";"S";"";"INTEGRAL MEDICA";"2367";"CRISP BAR TRUFA DE MARACUJA 12 UN - INTEGRAL";"DP";4.56;69.90;146
651;0;"0401";8;"";"D";"";"INTEGRAL MEDICA";"2366";"CRISP BAR COOKIES AND CREAM 12 UN - INTEGRAL MEDIC";"DP";1.14;69.90;567
712;0;"1401";8;"";"B";"";"INTEGRAL MEDICA";"2421";"OXYDROL 120 CAPSULAS INTEGRALMEDICA";"UND";40.50;58.90;0
716;0;"0901";8;"";"Q";"";"INTEGRAL MEDICA";"2422";"MONSTERONE BAUNILHA 3KG POU - INTEGRAL MEDICA";"UND";85.46;123.92;0
717;0;"0901";8;"";"Q";"";"INTEGRAL MEDICA";"2422";"MONSTERONE CHOCOLATE 3KG PO- INTEGRAL MEDICA";"UND";85.46;123.92;0
718;0;"0901";8;"";"B";"";"INTEGRAL MEDICA";"2422";"MONSTERONE MORANGO 3KG POUC- INTEGRAL MEDICA";"UND";85.46;123.92;0
719;0;"1201";8;"";"Q";"";"INTEGRAL MEDICA";"2423";"VITA PURE SUPER 60 TABLETES - INTEGRAL MEDICA";"UND";40.46;56.90;0
720;0;"1501";8;"";"Q";"";"INTEGRAL MEDICA";"1310";"MY WHEY RTD COCO - INTEGRAL MEDICA";"UND";3.68;8.29;0
721;0;"1501";8;"";"B";"";"INTEGRAL MEDICA";"1310";"MY WHEY RTD BANANA- INTEGRAL MEDICA";"UND";6.14;8.29;0
722;0;"1501";8;"";"S";"";"INTEGRAL MEDICA";"1310";"MY WHEY RTD MORANGO - INTEGRAL MEDICA";"UND";6.14;8.29;9
723;0;"1501";8;"";"S";"";"INTEGRAL MEDICA";"1310";"MY WHEY RTD CHOCOLATE - INTEGRALMEDICA";"UND";3.68;8.29;0
729;0;"1001";8;"";"B";"";"INTEGRAL MEDICA";"2374";"OMEGA 3 60 CAPS - INTEGRALMEDICA";"UND";49.46;71.90;0
773;0;"1301";3;"";"T";"";"BODY ACTION";"2636";"NUCLEAR RUSH 100G ABACAXI - BODY ACTION";"UND";26.20;46.90;98
774;0;"1301";3;"";"B";"";"BODY ACTION";"2636";"NUCLEAR RUSH 100G LARANJA - BODY ACTION";"UND";26.20;46.90;48
792;0;"1501";8;"";"S";"";"INTEGRAL MEDICA";"1308";"NUTRIWHEY COOKIES REFIL 9007G - INTEGRAL MEDICA";"UND";42.75;61.90;0
1880;0;"0101";8;"";"Z";"";"INTEGRAL MEDICA";"0";"REGATA INTEGRALMEDICA 2022 - T - INTEGRAL MEDICA";"UND";23.35;33.86;0
1905;0;"1001";18;"";"T";"";"UNIAO VEGETAL";"2409";"VENTRI WOMAN FORMULA 900MG 60CAPS - UNIAO VEGETAL";"UND";13.22;64.20;23
2950;0;"0301";8;"";"Q";"";"INTEGRAL MEDICA";"2475";"BETA-ALANINA 123G - INTEGRALMEDICA";"UND";35.96;52.50;0
2951;0;"1101";5;"";"T";"";"DR PEANUT";"2455";"PASTA DE AM BROWNIE 600G- DR PEANUT";"UND";31.47;41.90;15
2952;0;"0101";3;"";"Z";"";"BODY ACTION";"0";"COQUETELEIRA TRANSPARENTE - BODY ACTION";"UND";3;8.37;0
2958;0;"0801";3;"";"T";"";"BODY ACTION";"2519";"CROMO 250 60 CAPSULAS- BODY ACTION";"UND";13.08;20.04;32
2966;0;"1001";18;"";"Z";"";"UNIAO VEGETAL";"2474";"UNIMAG 500MG 60CAPS  - UNIAO VEGETAL";"UND";18.24;25.80;18
2968;0;"1901";3;"";"B";"";"BODY ACTION";"2523";"ENERGEL BLACK CX C/ 10 SACHES LARANJA COM ACEROLA";"UND";14.99;25.70;20
2991;0;"0901";10;"";"B";"";"MAX TITANIUM";"2665";"SUPER GAINERS REFIL 3KG CHOCOLATE - MAX TITANIUM";"UND";59.47;89.95;0
2992;0;"0901";10;"";"M";"";"MAX TITANIUM";"2665";"SUPER GAINERS REFIL 3KG MORANGO - MAX TITANIUM";"UND";35.68;89.95;0
3013;0;"1901";3;"";"Q";"";"BODY ACTION";"2564";"ENERGEL BLACK CX C/ 10 SACHES ABACAXI COM HORTELA-";"UND";14.99;25.70;16
3014;0;"1901";3;"";"B";"";"BODY ACTION";"2562";"ENERGEL BLACK CX C/ 10 SACHES LARANJA - BODY ACTIO";"UND";14.99;25.70;1
3015;0;"1901";3;"";"Q";"";"BODY ACTION";"2563";"ENERGEL BLACK CX C/ 10 SACHES UVA - BODY ACTION";"UND";14.28;25.70;36
3054;0;"1001";4;"";"B";"";"COPAPHARMA";"2711";"FORTPREV - 30 CAPS - COPAPHARMA";"UND";48.70;79.90;0
3061;0;"1001";4;"";"B";"";"COPAPHARMA";"2720";"MAGPLEX B6 - 30 CAPS - COPAPHARMA";"UND";21.40;44.90;0
3064;0;"1001";4;"";"B";"";"COPAPHARMA";"2723";"MOVILEV (COLAGENO TIPO II) - 30 CAPS - COPAPHARMA";"UND";19.90;29.85;0
3066;0;"1001";4;"";"B";"";"COPAPHARMA";"2798";"MOVILEV HA - 30 CAPS - COPAPHARMA";"UND";34.90;79.90;0
3078;0;"1001";4;"";"B";"";"COPAPHARMA";"2732";"OSTEOPLEX (CALCIO CITRATO MALATO + D3) - 30 CAPS -";"UND";24.50;39.90;0
3079;0;"1001";4;"";"B";"";"COPAPHARMA";"2733";"OSTEOPLEX K2 (CALCIO CITR. MAL.+D3+K2) - 30 CAPS -";"UND";30;57.90;0
3090;0;"0401";10;"";"Z";"";"MAX TITANIUM";"2643";"POWER PROTEIN BAR BOMBOM DE AVELÃ COM COCO 8UN DE";"DP";34.63;83.90;4
3091;0;"1501";10;"";"B";"";"MAX TITANIUM";"2612";"ISO WHEY POTE 900 GR CHOCOLATE - MAX TITANIUM";"UND";67.18;167.90;0
3092;0;"1501";10;"";"T";"";"MAX TITANIUM";"2613";"ISO WHEY POTE 900 GR MORANGO -  MAX TITANIUM";"UND";67.18;167.90;0
3093;0;"1501";10;"";"Q";"";"MAX TITANIUM";"2614";"ISO WHEY POTE 900 GR BAUNILHA -  MAX TITANIUM";"UND";67.18;167.90;0
3112;0;"1101";5;"";"T";"";"DR PEANUT";"2645";"PASTA DE AM BOMBOM ITALIANO 600G-DR PEANUT";"UND";31.47;41.90;1
3116;0;"1901";10;"";"S";"";"MAX TITANIUM";"2646";"HORUS GEL DISPLAY 10 SACHÊS ENERGÉTICO - MAX";"DP";12.97;33.89;0
3117;0;"1901";10;"";"Q";"";"MAX TITANIUM";"2646";"HORUS GEL DISPLAY 10 SACHÊS FRUTAS VERMELHAS- MAX";"DP";12.97;33.89;0
3118;0;"1901";10;"";"B";"";"MAX TITANIUM";"2639";"NIGHT TRAIN POTE 300G SABOR CITRUS - MAX TITANIUM";"UND";27.28;74.90;0
3119;0;"1301";10;"";"B";"";"MAX TITANIUM";"2639";"NIGHT TRAIN POTE 300G SABOR FRUTAS VERMELHAS - MAX";"UND";27.28;74.90;0
3120;0;"1501";10;"";"T";"";"MAX TITANIUM";"2647";"100% WHEY DR. PEANUT POTE 900G AVELÃ - MAX TITANIU";"UND";68.28;114.86;0
3121;0;"1501";10;"";"T";"";"MAX TITANIUM";"2648";"100% WHEY DR. PEANUT POTE 900G BUENÍSSIMO - MAX TI";"UND";68.28;114.86;0
3158;0;"1301";3;"";"Q";"";"BODY ACTION";"2638";"NUCLEAR NIGHT 200G MORANGO -  BODY ACTION";"UND";39.35;59.90;0
3159;0;"1301";3;"";"Q";"";"BODY ACTION";"2638";"NUCLEAR NIGHT 200G GUARANA COM ACAI -  BODY ACTION";"UND";39.35;59.90;0
3160;0;"1301";3;"";"Z";"";"BODY ACTION";"2637";"NUCLEAR  VASO PUMP 90 COMPRIMIDOS -  BODY ACTION";"UND";23.23;58.08;29
3179;0;"1901";8;"";"B";"";"INTEGRAL MEDICA";"2657";"BOOSTER DRINK RED LEMONADE - INTEGRALMEDICA";"UND";4.46;7.90;22
3199;0;"0901";10;"";"B";"";"MAX TITANIUM";"2665";"SUPER GAINERS REFIL 3KG BAUNILHA - MAXTITANIUM";"UND";59.47;89.95;0
3200;0;"0401";10;"";"Z";"";"MAX TITANIUM";"0";"POWER PROTEIN BAR FRUTAS VERMELHAS 8UN DE 90G - MA";"DP";34.63;83.90;4
3201;0;"0401";10;"";"B";"";"MAX TITANIUM";"0";"POWER PROTEIN BAR FRUTAS VERMELHAS 12UN DE 41G - M";"DP";26.02;64.90;1
3271;0;"1001";3;"";"T";"";"BODY ACTION";"0";"MAGNESIO & INOSITOL 210G MARACUJA- BODY ACTION";"UND";21.37;38.90;22
3278;0;"1101";5;"";"T";"";"DR PEANUT";"0";"ALFAJOR BRIGADEIRO DE COLHER - DR PEANUT";"UND";6.09;8.90;3
3280;0;"1101";5;"";"T";"";"DR PEANUT";"0";"ALFAJOR LEITE EM PO- DR PEANUT";"UND";8.77;8.90;5
3283;0;"0901";8;"";"S";"";"INTEGRAL MEDICA";"0";"CREAMASS SABOR MORANGO POUC- INTEGRAL MEDICA";"UND";37.77;89.90;0
3284;0;"0901";8;"";"D";"";"INTEGRAL MEDICA";"0";"CREAMASS SABOR CHOCOLATE PO- INTEGRAL MEDICA";"UND";31.48;89.90;0
3285;0;"0901";8;"";"D";"";"INTEGRAL MEDICA";"0";"CREAMASS SABOR BAUNILHA POU- INTEGRAL MEDICA";"UND";62.96;89.90;0
3286;0;"0901";8;"";"S";"";"INTEGRAL MEDICA";"0";"CREAMASS SABOR COOKIES POUC- INTEGRAL MEDICA";"UND";37.77;89.90;0
3299;0;"1501";8;"";"B";"";"INTEGRAL MEDICA";"0";"MY WHEY RTD BAUNILHA 250ML - INTEGRAL MEDICA";"UND";3.68;8.29;185
3300;0;"0401";8;"";"T";"";"INTEGRAL MEDICA";"0";"DARK BAR LEITE CREME DE AVE - INTEGRAL MEDICA";"DP";41.55;98.90;28
3301;0;"1501";8;"";"Q";"";"INTEGRAL MEDICA";"0";"MY WHEY RTD  CAFE 250ML 6UN - INTEGRAL MEDICA";"UND";3.68;8.29;150
3303;0;"1901";8;"";"Q";"";"INTEGRAL MEDICA";"0";"BOOSTER ENERGY GUARANA - INTEGRAL MEDICA";"UND";4.46;7.90;354
3304;0;"1901";8;"";"B";"";"INTEGRAL MEDICA";"0";"BOOSTER ENERGY PURPLE BLAST - INTEGRAL MEDICA";"UND";2.67;7.90;138
3305;0;"0401";8;"";"D";"";"INTEGRAL MEDICA";"0";"CRISP BAR BROWNIE DE CHOCOL - INTEGRAL MEDICA";"DP";4.56;69.90;285
3306;0;"0401";8;"";"S";"";"INTEGRAL MEDICA";"0";"CRISP BAR CREME COCO 12 UND - INTEGRAL MEDICA";"DP";54.94;69.90;20.90
3307;0;"1001";13;"";"S";"";"POWER SUPLEMENT";"2818";"MONALIZ 30 CPR - POWER SUPPLEMENTS";"UND";31.63;39.90;160
3346;0;"1101";5;"";"T";"";"DR PEANUT";"0";"PASTA DE AM BEIJINHO 600G - DR PEANUT";"UND";31.47;41.90;59
3347;0;"1101";5;"";"T";"";"DR PEANUT";"0";"ALFAJOR COOKIES  CREAM - DR PEANUT";"UND";6.09;8.90;0
3357;0;"0701";8;"";"B";"";"INTEGRAL MEDICA";"0";"CREATINA CARBO FUEL NEUTRO 300GR - INTEGRAL MEDICA";"UND";16.17;44.90;36
3358;0;"0701";8;"";"B";"";"INTEGRAL MEDICA";"0";"CREATINA CARBO FUEL LARANJA 300GR - INTEGRAL MEDIC";"UND";31.46;44.90;53
3359;0;"0701";8;"";"B";"";"INTEGRAL MEDICA";"0";"CREATINA CARBO FUEL LIMAO 300GR - INTEGRAL MEDICA";"UND";31.46;44.90;62
3360;0;"1501";8;"";"B";"";"INTEGRAL MEDICA";"0";"CARNIBOL BAUNILHA 900G -INTEGRAL MEDICA";"UND";96.56;135.90;0
3361;0;"1501";8;"";"Q";"";"INTEGRAL MEDICA";"0";"CARNIBOL BLUEBERRY 900G - INTEGRAL MEDICA";"UND";96.56;135.90;0
421;0;"1501";16;"9";"B";"";"SHARK PRO";"XML";"100% WHEY PROTEIN POTE CHOCOLATE 900G - SHARK PRO";"UND";61.13;86.90;7
510;0;"1501";16;"9";"B";"";"SHARK PRO";"XML";"100% WHEY PROTEIN POTE BAUNILHA 900G - SHARK PRO";"UND";61.13;86.90;9
513;0;"1501";16;"9";"T";"";"SHARK PRO";"XML";"100% WHEY PROTEIN POTE MORANGO 900G - SHARK PRO";"UND";61.13;86.90;3
558;0;"1501";16;"9";"B";"";"SHARK PRO";"XML";"100% WHEY PROTEIN POTE CHOC BRANCO 900G - SHARK PR";"UND";61.13;86.90;10
597;0;"1501";16;"9";"B";"";"SHARK PRO";"XML";"100% WHEY PROTEIN POTE COOKIES 900G - SHARK PRO";"UND";54.01;86.90;0
599;0;"1501";16;"9";"B";"";"SHARK PRO";"XML";"100% WHEY PROTEIN POTE LEITINHO 900G - SHARK PRO";"UND";61.13;86.90;13
600;0;"1501";16;"9";"B";"";"SHARK PRO";"XML";"100% WHEY PROTEIN POTE IOGURTE C/ FRUTAS VERMELHAS";"UND";61.13;86.90;21
601;0;"1501";16;"9";"B";"";"SHARK PRO";"XML";"100% WHEY PROTEIN POTE DOCE DE LEITE 900G - SHARK";"UND";61.13;86.90;8
602;0;"1501";16;"9";"B";"";"SHARK PRO";"XML";"100% WHEY PROTEIN POTE AVELA  900G - SHARK PRO";"UND";61.13;86.90;0
634;0;"1501";16;"9";"T";"";"SHARK PRO";"XML";"100% WHEY PROTEIN AVELA REFIL 900G - SHARK P";"UND";54.01;79.90;1
646;0;"1501";16;"9";"B";"";"SHARK PRO";"XML";"100% WHEY PROTEIN BAUNILHA REFIL 900G - SHARK PRO";"UND";54.01;79.90;34
663;0;"1501";16;"9";"B";"";"SHARK PRO";"XML";"100% WHEY PROTEIN CHOCOLATE REFIL 900G - SHARK PRO";"UND";54.01;79.90;45
666;0;"1501";16;"9";"B";"";"SHARK PRO";"XML";"100% WHEY PROTEIN CHOCOLATE BRANCO REFIL 900G - SH";"UND";54.01;79.90;0
667;0;"1501";16;"9";"B";"";"SHARK PRO";"XML";"100% WHEY PROTEIN COOKIES REFIL 900G - SHARK PRO";"UND";52.51;79.90;63
668;0;"1501";16;"9";"B";"";"SHARK PRO";"XML";"100% WHEY PROTEIN DOCE DE LEITE REFIL 900G - SHARK";"UND";54.01;79.90;24
669;0;"1501";16;"9";"B";"";"SHARK PRO";"XML";"100% WHEY PROTEIN LEITINHO REFIL 900G - SHARK PRO";"UND";54.01;79.90;2
670;0;"1501";16;"9";"B";"";"SHARK PRO";"XML";"100% WHEY PROTEIN MORANGO REFIL 900G - SHARK PRO";"UND";54.01;79.90;22
703;0;"0701";16;"9";"S";"";"SHARK PRO";"XML";"CREATINA PURA MONOHIDRATADA  300G - SHARK PRO";"UND";40;59.90;140
860;0;"1301";16;"9";"B";"";"SHARK PRO";"XML";"TXT PUMP - PRE TREINO ACAI  E GUARANA 300G - SHARK";"UND";75;99.90;0
870;0;"1301";16;"9";"B";"";"SHARK PRO";"XML";"TXT PUMP - PRE TREINO LIMAO 300G - SHARK PRO";"UND";68.09;99.90;31
871;0;"1301";16;"9";"B";"";"SHARK PRO";"XML";"TXT PUMP - PRE TREINO MANGO LOCO 300G - SHARK PRO";"UND";68.09;99.90;71
872;0;"1301";16;"9";"B";"";"SHARK PRO";"XML";"TXT PUMP - PRE TREINO UVA 300G - SHARK PRO";"UND";75.01;99.90;0
873;0;"1301";16;"9";"B";"";"SHARK PRO";"XML";"V9 PUMP - PRE TREINO ACAI/GUARANA 300G - SHARK PRO";"UND";65.02;94.90;7
874;0;"1301";16;"9";"Q";"";"SHARK PRO";"XML";"V9 PUMP - PRE TREINO LIMAO 300G - SHARK PRO";"UND";65.02;94.90;3
875;0;"1301";16;"9";"B";"";"SHARK PRO";"XML";"V9 PUMP - PRE TREINO MARACUJA 300G - SHARK PRO";"UND";65.02;94.90;11
876;0;"1301";16;"9";"B";"";"SHARK PRO";"XML";"V9 PUMP - PRE TREINO TANGERINA 300G - SHARK PRO";"UND";65.02;94.90;13
877;0;"1301";16;"9";"B";"";"SHARK PRO";"XML";"V9 PUMP - PRE TREINO UVA 300G - SHARK PRO";"UND";65.02;94.90;9
878;0;"0401";16;"9";"Q";"";"SHARK PRO";"XML";"BISCOITO MINI SHARK BAUMILHA 60GR - SHARK PRO";"UND";7.37;11.06;0
879;0;"0401";16;"9";"Q";"";"SHARK PRO";"XML";"BISCOITO MINI SHARK CHOCOLATE 60GR - SHARK PRO";"UND";7.37;11.06;0
880;0;"0401";16;"9";"Q";"";"SHARK PRO";"XML";"BISCOITO MINI SHARK MORANGO 60GR - SHARK PRO";"UND";7.37;11.06;0
881;0;"0401";16;"9";"B";"";"SHARK PRO";"XML";"SALGADINHO PROTEICO CHURRASCO 50G - SHARK PRO";"UND";4.82;6.89;0
882;0;"0401";16;"9";"Q";"";"SHARK PRO";"XML";"SALGADINHO PROTEICO REQUEIJAO 50G - SHARK PRO";"UND";4.82;6.89;0
883;0;"0401";16;"9";"B";"";"SHARK PRO";"XML";"SALGADINHO PROTEICO SALSA E CEBOLA  50G - SHARK PR";"UND";4.59;6.89;0
884;0;"1101";5;"9";"T";"";"DR PEANUT";"XML";"PROMOPACK PASTA DE AM. AVELA 600G + ALFAJOR - DR P";"UND";31.47;48.90;0
885;0;"0101";8;"9";"Z";"";"INTEGRAL MEDICA";"XML";"REGATA  GG TEAM POWER SUPPLEMENTS";"UND";13.90;20.85;0
886;0;"0101";8;"9";"Z";"";"INTEGRAL MEDICA";"XML";"CAMISETA XG TEAM POWER SUPPLEMENTS";"UND";14.90;22.35;0
887;0;"0301";8;"9";"T";"";"INTEGRAL MEDICA";"XML";"GLUTAMINE 150G";"UND";21.11;32.90;0
888;0;"0401";8;"9";"Z";"";"INTEGRAL MEDICA";"XML";"DARK BAR MORANGO COM CHOCOL";"DP";69.26;98.90;10
889;0;"0401";10;"9";"T";"";"MAX TITANIUM";"XML";"POWER PROTEIN CRISP COOKIES 12UN DE 44G - MAX TITA";"DP";26.02;64.90;5
890;0;"0401";10;"9";"T";"";"MAX TITANIUM";"XML";"POWER PROTEIN CRISP DARK CHOCOLATE TRUFFLE 12UN DE";"DP";26.02;64.90;0
891;0;"0401";10;"9";"T";"";"MAX TITANIUM";"XML";"POWER PROTEIN CRISP FRUTAS VERMELHAS 12UN DE 44G -";"DP";26.02;64.90;4
892;0;"0401";10;"9";"T";"";"MAX TITANIUM";"XML";"POWER PROTEIN CRISP MILK CARAMEL 12UN DE 44G - MAX";"DP";26.02;64.90;3
893;0;"1301";10;"9";"T";"";"MAX TITANIUM";"XML";"EGIDE LINHA DINO POTE 300G SABOR ABACAXI COM HORTE";"UND";43.24;107.90;16
894;0;"1501";10;"9";"Q";"";"MAX TITANIUM";"XML";"100% WHEY POTE 900G CHOCOLATE MALTADO - MAX TITANI";"UND";44.08;99.90;0
895;0;"1501";10;"9";"Q";"";"MAX TITANIUM";"XML";"100% WHEY POTE 900G PISTACHE COM CHOCOLATE BRANCO";"UND";44.08;105.90;0
896;0;"0101";8;"9";"Z";"";"INTEGRAL MEDICA";"XML";"CAMISETA PROMOCIONAL DK GG OLY";"UND";12.84;39.90;4
897;0;"0101";8;"9";"Z";"";"INTEGRAL MEDICA";"XML";"CAMISETA PROMOCIONAL DK M OLYM";"UND";12.84;39.90;0
898;0;"0101";8;"9";"Z";"";"INTEGRAL MEDICA";"XML";"CAMISETA PROMOCIONAL DK XG OLY";"UND";12.84;39.90;0
899;0;"0101";8;"9";"Z";"";"INTEGRAL MEDICA";"XML";"MOCHILA SACO DK OLYMPIA - TRAD";"UND";6.88;14.90;27
900;0;"0101";8;"9";"Z";"";"INTEGRAL MEDICA";"XML";"CAMISETA PROMOCIONAL IM  G OLY";"UND";23.38;39.90;0
901;0;"0101";8;"9";"Z";"";"INTEGRAL MEDICA";"XML";"CAMISETA PROMOCIONAL IM  GG OL";"UND";23.38;39.90;0
902;0;"0101";8;"9";"Z";"";"INTEGRAL MEDICA";"XML";"CAMISETA PROMOCIONAL IM  M OLY";"UND";23.38;39.90;0
903;0;"0101";8;"9";"Z";"";"INTEGRAL MEDICA";"XML";"CAMISETA PROMOCIONAL IM  P OLY";"UND";23.38;39.90;0
904;0;"0101";8;"9";"Z";"";"INTEGRAL MEDICA";"XML";"GALAO 2,2L IM OLYMPIA - TRADE";"UND";5.08;24.90;8
905;0;"0101";8;"9";"Z";"";"INTEGRAL MEDICA";"XML";"MOCHILA SACO IM OLYMPIA - TRAD";"UND";6.88;14.90;20
906;0;"0101";8;"9";"Z";"";"INTEGRAL MEDICA";"XML";"MALA TREINO DK OLYMPIA - TRADE";"UND";110;190;2
907;0;"0101";8;"9";"Z";"";"INTEGRAL MEDICA";"XML";"MALA TREINO IM OLYMPIA - TRADE";"UND";38.28;59.90;2
908;0;"0101";8;"9";"Z";"";"INTEGRAL MEDICA";"XML";"TERMICA IM OLYMPIA - TRADE MKT";"UND";16.50;199;19
910;0;"1301";16;"9";"";"";"SHARK PRO";"XML";"NIGHT PUMP - PRE TREINO 300G - ABACAXI";"UND";65.02;97.53;9
911;0;"1301";16;"9";"";"";"SHARK PRO";"XML";"NIGHT PUMP - PRE TREINO 300G - ACAI";"UND";65.02;97.53;10
912;0;"1301";16;"9";"";"";"SHARK PRO";"XML";"NIGHT PUMP - PRE TREINO 300G - LIMAO";"UND";65.02;97.53;10
913;0;"1301";16;"9";"";"";"SHARK PRO";"XML";"NIGHT PUMP - PRE TREINO 300G - MELANCIA";"UND";65.02;97.53;5
914;0;"1301";16;"9";"";"";"SHARK PRO";"XML";"TXT PUMP - PRE TREINO ACAI/GUARANA 300G - SHARK PR";"UND";68.09;99.90;60
924;0;"0101";16;"9";"";"";"SHARK PRO";"XML";"CAMISETA DRY FIT AZUL G";"UND";6.38;39.90;3
925;0;"0101";16;"9";"";"";"SHARK PRO";"XML";"CAMISETA DRY FIT AZUL M";"UND";6.38;39.90;4
926;0;"0101";16;"9";"";"";"SHARK PRO";"XML";"CAMISETA DRY FIT AZUL GG";"UND";6.38;39.90;1
928;0;"1101";5;"9";"";"";"DR PEANUT";"XML";"ALFAJOR DOCE DE LEITE COM COBERTURA AO LEITE -DR P";"UND";6.09;8.90;0
929;0;"1101";5;"9";"";"";"DR PEANUT";"XML";"ALFAJOR DOCE DE LEITE COM COBERTURA BRANCA -DR PEA";"UND";6.09;8.90;0
930;0;"0701";10;"9";"";"";"MAX TITANIUM";"XML";"CREATINA CREAPURE POTE 250G - MAX TITANIUM";"UND";52.47;89.90;2
931;0;"1001";19;"9";"";"";"VITAFOR";"XML";"BORAPRIM 1000MG 30CAPS - VITAFOR";"UND";28.81;39.99;7
932;0;"1001";19;"9";"";"";"VITAFOR";"XML";"BORAPRIM 1000MG 60CAPS - VITAFOR";"UND";49.88;69.90;7
933;0;"1001";19;"9";"";"";"VITAFOR";"XML";"Q10 200MG 30CAPS P/ PORCAO - VITAFOR";"UND";43.60;65.60;37
934;0;"1001";19;"9";"";"";"VITAFOR";"XML";"Q10 100MG 60CAPS P/ PORCAO - VITAFOR";"UND";46.87;65.61;0
935;0;"0501";19;"9";"";"";"VITAFOR";"XML";"COLAGENTEK ABACAXI 300GR - VITAFOR";"UND";55.80;77.99;6
936;0;"0501";19;"9";"";"";"VITAFOR";"XML";"COLAGENTEK LARANJA/ACEROLA 300GR - VITAFOR";"UND";55.80;77.99;5
937;0;"0501";19;"9";"";"";"VITAFOR";"XML";"COLAGENTEK LIMAO 300GR - VITAFOR";"UND";55.80;77.99;2
938;0;"0501";19;"";"";"";"VITAFOR";"XML";"COLAGENTEK MACA VERDE 300GR - VITAFOR";"UND";55.80;77.99;11
939;0;"0501";19;"9";"";"";"VITAFOR";"XML";"COLAGENTEK NEUTRO 300GR - VITAFOR";"UND";55.80;77.99;8
940;0;"0501";19;"9";"";"";"VITAFOR";"XML";"COLAGENTEK TANGERINA 300GR - VITAFOR";"UND";55.80;77.99;8
941;0;"1001";19;"9";"";"";"VITAFOR";"XML";"COLOSFORT LACTOFERRIN PLUS 30CAPS - VITAFOR";"UND";100.80;141.12;1
942;0;"1001";19;"9";"";"";"VITAFOR";"XML";"CURCUMA PLUS 500MG 30CAPS - VITAFOR";"UND";31.05;43.50;20
943;0;"1001";19;"9";"";"";"VITAFOR";"XML";"CURCUMA PLUS 500MG 60CAPS - VITAFOR";"UND";49.05;68.90;17
944;0;"1901";19;"9";"";"";"VITAFOR";"XML";"D RIBOSE 150GR - VITAFOR";"UND";66.60;93.24;4
945;0;"1001";19;"9";"";"";"VITAFOR";"XML";"ENZYFOR 10 SACHES 3G - VITAFOR";"UND";40.05;55.99;9
946;0;"1001";19;"9";"";"";"VITAFOR";"XML";"ENZYFOR 30 SACHES 3G - VITAFOR";"UND";89.10;124.90;5
947;0;"2200";19;"9";"";"";"VITAFOR";"XML";"GLUTAMAX 300G - VITAFOR";"UND";52.20;72.99;15
948;0;"1001";19;"9";"";"";"VITAFOR";"XML";"HEPATOFOR 1000MG 60CAPS - VITAFOR";"UND";52.20;73.90;20
949;0;"1501";19;"9";"";"";"VITAFOR";"XML";"ISOFORT BAUNILHA 900GR - VITAFOR";"UND";176;239.90;14
950;0;"1501";19;"9";"";"";"VITAFOR";"XML";"ISOFORT CHOCOLATE 900GR - VITAFOR";"UND";176;239.90;18
951;0;"1501";19;"9";"";"";"VITAFOR";"XML";"ISOFORT FRUTAS VERMELHAS 900GR - VITAFOR";"UND";176;239.90;9
952;0;"1501";19;"9";"";"";"VITAFOR";"XML";"ISOFORT NEUTRO 900GR - VITAFOR";"UND";176;239.90;11
953;0;"1001";19;"9";"";"";"VITAFOR";"XML";"KRILL VIT 500MG 30CAPS - VITAFOR";"UND";40.05;55.99;10
954;0;"1001";19;"9";"";"";"VITAFOR";"XML";"LACZYME 470MG 60CAPS - VITAFOR";"UND";48.60;67.99;3
955;0;"1001";19;"9";"";"";"VITAFOR";"XML";"LIPIX 1000MG 120CAPS - VITAFOR";"UND";44.10;61.99;7
956;0;"1001";19;"9";"";"";"VITAFOR";"XML";"LIPIX 6 1000MG 60CAPS - VITAFOR";"UND";40.05;55.99;16
957;0;"1001";19;"9";"";"";"VITAFOR";"XML";"MEGA DHA 1000MG 120CAPS - VITAFOR";"UND";109.80;153.90;4
958;0;"1001";19;"9";"";"";"VITAFOR";"XML";"MEGA DHA 1000MG 60CAPS - VITAFOR";"UND";62.55;87.90;28
959;0;"1001";19;"9";"";"";"VITAFOR";"XML";"MELATONINA GOTAS 20ML - VITAFOR";"UND";26.10;36.54;8
960;0;"1001";19;"9";"";"";"VITAFOR";"XML";"N ACETILCISTEINA 750MG 30CAPS - VITAFOR";"UND";29.25;40.99;23
961;0;"1001";19;"9";"";"";"VITAFOR";"XML";"N ACETILCISTEINA 750MG 60CAPS - VITAFOR";"UND";46.80;65.52;19
962;0;"1001";19;"9";"";"";"VITAFOR";"XML";"OMEGA 3 EPA E DHA 1000MG 120CAPS - VITAFOR";"UND";69.30;89.90;0
963;0;"1001";19;"9";"";"";"VITAFOR";"XML";"OMEGA 3 EPA E DHA 100MG 60CAPS - VITAFOR";"UND";39.60;55.49;0
964;0;"1001";19;"9";"";"";"VITAFOR";"XML";"PALATINOSE 300G - VITAFOR";"UND";36.90;51.99;7
965;0;"1001";19;"9";"";"";"VITAFOR";"XML";"PROFEM 1000MG 60CAPS - VITAFOR";"UND";40.05;55.99;5
966;0;"1001";19;"9";"";"";"VITAFOR";"XML";"PROPOLIS GOTAS 20ML - VITAFOR";"UND";27.90;39.06;16
967;0;"1001";19;"9";"";"";"VITAFOR";"XML";"RESVERATROL PLUS 1000MG 60CAPS - VITAFOR";"UND";75.60;105.90;34
968;0;"1001";19;"9";"";"";"VITAFOR";"XML";"RHODIOLA 280MG 60CAPS - VITAFOR";"UND";40.05;55.99;2
969;0;"1001";19;"9";"";"";"VITAFOR";"XML";"SIMCAPS 400MG 30CAPS - VITAFOR";"UND";30.60;42.84;10
970;0;"1001";19;"9";"";"";"VITAFOR";"XML";"SIMCAPS 400MG 60CAPS - VITAFOR";"UND";44.55;62.39;15
971;0;"1001";19;"9";"";"";"VITAFOR";"XML";"SIMFORT 10 SACHES 2G - VITAFOR";"UND";23.85;33.40;3
972;0;"1001";19;"9";"";"";"VITAFOR";"XML";"SIMFORT 30 SACHES 2G - VITAFOR";"UND";58.05;81.27;10
973;0;"1001";19;"9";"";"";"VITAFOR";"XML";"SIMFORT FEMME 650MG 15CAPS - VITAFOR";"UND";35.10;49.14;21
974;0;"1001";19;"9";"";"";"VITAFOR";"XML";"SIMFORT FEMME 650MG 30CAPS - VITAFOR";"UND";60.30;84.42;18
975;0;"1001";19;"9";"";"";"VITAFOR";"XML";"SIMFORT FIBRAS 210G - VITAFOR";"UND";40.05;55.99;21
976;0;"1001";19;"9";"";"";"VITAFOR";"XML";"SIMFORT PLUS 390MG 30CAPS - VITAFOR";"UND";40.05;55.99;11
977;0;"1001";19;"9";"";"";"VITAFOR";"XML";"SIMFORT PLUS 30 SACHES 2 G - VITAFOR";"UND";58.05;81.30;17
978;0;"1001";19;"9";"";"";"VITAFOR";"XML";"TAURINE 550MG 30CAPS - VITAFOR";"UND";24.30;33.99;6
979;0;"1001";19;"9";"";"";"VITAFOR";"XML";"TERMO PLUS POTE FRUTAS V GENGIBRE 240GR";"UND";79.20;110.90;4
980;0;"1001";19;"9";"";"";"VITAFOR";"XML";"TERMO PLUS POTE TANGERINA/CHA VERDE 240GR";"UND";79.20;110.90;9
981;0;"1001";19;"9";"";"";"VITAFOR";"XML";"VITA D3 + K2 GOTAS MENTA 20ML - VITAFOR";"UND";41.85;58.60;34
982;0;"1001";19;"9";"";"";"VITAFOR";"XML";"VITA D3 500MG 60CAPS - VITAFOR";"UND";32.40;45.49;6
983;0;"1001";19;"9";"";"";"VITAFOR";"XML";"VITA D3 GOTAS 10 ML - VITAFOR";"UND";31.05;43.49;41
984;0;"1001";19;"9";"";"";"VITAFOR";"XML";"VITAMINA B12 GOTAS MENTA 20ML - VITAFOR";"UND";22.05;30.99;154
985;0;"1001";18;"9";"";"";"UNIAO VEGETAL";"XML";"MOROCAF 60X1000MG - UNIAO VEGETAL";"UND";33.55;83.88;0
986;0;"1001";18;"9";"";"";"UNIAO VEGETAL";"XML";"ORTOCAPS 600MG 60CAPS - UNIAO VEGETAL";"UND";23.13;54.57;19
987;0;"1001";18;"9";"";"";"UNIAO VEGETAL";"XML";"BIOCOLL 1.000MG 120CAPS - UNIAO VEGETAL";"UND";31.60;74.54;14
988;0;"1001";18;"9";"";"";"UNIAO VEGETAL";"XML";"SPIRULINA 200 TABLETES DE 500MG";"UND";11.56;27.99;42
989;0;"1001";18;"9";"";"";"UNIAO VEGETAL";"XML";"SAW PALMETO 560MG 120CAPS - UNIAO VEGETAL";"UND";23.13;53.21;12
990;0;"1001";18;"9";"";"";"UNIAO VEGETAL";"XML";"INOSITOL 60X500MG CAPS - UNIAO VEGETAL";"UND";14.17;33.42;26
991;0;"1001";18;"9";"";"";"UNIAO VEGETAL";"XML";"MAGNESIO INOSITOL 300G - UNIAO VEGETAL";"UND";34.45;80.49;13
992;0;"1001";18;"9";"";"";"UNIAO VEGETAL";"XML";"MOROTIM 450ML - UNIAO VEGETAL";"UND";32.97;79.90;0
993;0;"1001";18;"9";"";"";"UNIAO VEGETAL";"XML";"MOROSIL COLAGENO VERISOL VIT C 1G 60CAPS - UNIAO V";"UND";36.72;88.90;0
994;0;"1001";18;"9";"";"";"UNIAO VEGETAL";"XML";"MOROSIL 500MG 30CAPS - UNIAO VEGETAL";"UND";31.81;76.90;0
995;0;"1001";18;"9";"";"";"UNIAO VEGETAL";"XML";"MELATONINA COM VIT B6 210MCG 30ML- UNIAO VEGETAL";"UND";8.64;20.39;0
996;0;"1001";18;"9";"";"";"UNIAO VEGETAL";"XML";"VITAMINA D3 5.000UI 60CAPS - UNIAO VEGETAL";"UND";16.62;41.57;0
997;0;"1001";18;"9";"";"";"UNIAO VEGETAL";"XML";"ALHO EXTRATO SECO 60X400MG - UNIAO VEGETAL";"UND";9.21;23.04;0
998;0;"1001";18;"A";"";"";"UNIAO VEGETAL";"XML";"Q10 200MG - UNIAO VEGETAL";"UND";33.28;83.22;0
999;0;"1001";18;"9";"";"";"UNIAO VEGETAL";"XML";"TRIPTOFANO PURE LINE 60 X 200MG- UNIAO VEGETAL";"UND";14.69;36.74;26
1000;0;"1001";18;"9";"";"";"UNIAO VEGETAL";"XML";"COLAGENO 60X500MG- UNIAO VEGETAL";"UND";9.55;22.55;3
1001;0;"1001";18;"9";"";"";"UNIAO VEGETAL";"XML";"OLEO DE ROSA MOSQUETA 50ML - UNIAO VEGETAL";"UND";5.53;27.29;2
1002;0;"1001";18;"9";"";"";"UNIAO VEGETAL";"XML";"BIOCOLL LARANJA 285G - UNIAO VEGETAL";"UND";43.11;104.90;12
1003;0;"1001";18;"9";"";"";"UNIAO VEGETAL";"XML";"BIOCOLL MORANGO COM LIMAO 285G - UNIAO VEGETAL";"UND";43.11;104.90;18
1004;0;"1001";18;"9";"";"";"UNIAO VEGETAL";"XML";"MOROCOLL 1.000MG 120CAPS - UNIAO VEGETAL";"UND";38.17;92.26;22
1005;0;"1001";18;"9";"";"";"UNIAO VEGETAL";"XML";"MOROTIM UVA 450ML - UNIAO VEGETAL";"UND";32.97;79.90;0
1006;0;"1001";18;"9";"";"";"UNIAO VEGETAL";"XML";"MOROTIM LARANJA FR VERM 450ML - UNIAO VEGETAL";"UND";32.97;79.90;0
1007;0;"1001";18;"9";"";"";"UNIAO VEGETAL";"XML";"MAGNESIO COMPLEX 500MG 60CAPS - UNIAO VEGETAL";"UND";19.64;49.11;36
1008;0;"1001";18;"9";"";"";"UNIAO VEGETAL";"XML";"CLORELA 60X300MG - UNIAO VEGETAL";"UND";10.02;25.05;22
1009;0;"1001";18;"9";"";"";"UNIAO VEGETAL";"XML";"SHAMPOO ROSA MOSQUETA 250ML - UNIAO VEGETAL";"UND";10.64;26.75;19
1010;0;"1001";18;"9";"";"";"UNIAO VEGETAL";"XML";"CONDICIONADOR ROSA MOSQUETA 250ML - UNIAO VEGETAL";"UND";11.40;28.65;25
1011;0;"1001";18;"9";"";"";"UNIAO VEGETAL";"XML";"MASCARA CAPILAR ROSA MOSQUETA 200ML - UNIAO VEGETA";"UND";13.68;34.38;27
1012;0;"1001";18;"9";"";"";"UNIAO VEGETAL";"XML";"LEAVE IN ROSA MOSQUETA 200ML - UNIAO VEGETAL";"UND";9.12;22.92;6
1013;0;"1001";18;"9";"";"";"UNIAO VEGETAL";"XML";"SERUM FACIAL ROSA MOSQUETA 30ML - UNIAO VEGETAL";"UND";11.40;28.65;37
1014;0;"1001";18;"9";"";"";"UNIAO VEGETAL";"XML";"HIDRATANTE ROSA MOSQUETA 200ML - UNIAO VEGETAL";"UND";9.88;24.83;7
1015;0;"1001";18;"9";"";"";"UNIAO VEGETAL";"XML";"CURCUMAIS CURCUMA, PROPOLIS E GENGIBRE 30ML - UNIA";"UND";11.50;27.90;9
1016;0;"1001";18;"9";"";"";"UNIAO VEGETAL";"XML";"MOROTIM MORANGO 450ML";"UND";32.97;79.90;0
1017;0;"1001";18;"9";"";"";"UNIAO VEGETAL";"XML";"MOROTIM MACA VERDE 450ML";"UND";32.97;79.90;0
1018;0;"1001";18;"9";"";"";"UNIAO VEGETAL";"XML";"Q10 PURE LINE 200MG 60CAPS - UNIAO VEGETAL";"UND";33.28;80.99;39
1019;0;"1001";18;"9";"";"";"UNIAO VEGETAL";"XML";"VITAMINA B12 250MG 60CPR - UNIAO VEGETAL";"UND";8.18;19.90;0
1020;0;"1001";18;"9";"";"";"UNIAO VEGETAL";"XML";"NAC 700MG 60CAPS - UNIAO VEGETAL";"UND";13.98;33.90;20
1021;0;"1001";18;"9";"";"";"UNIAO VEGETAL";"XML";"CURCUMA COMPLEX 550MG 60CAPS - UNIAO VEGETAL";"UND";22.56;54.90;20
1022;0;"1301";10;"9";"";"";"MAX TITANIUM";"XML";"PROMOPACK BRANDAO X FLEX - HORUS LIMAO YUZU + CREA";"UND";47.94;115.85;0
1023;0;"1401";8;"9";"";"";"INTEGRAL MEDICA";"XML";"H2OUT FRUTAS VERMELHAS 30 UN - INTEGRAL MEDICA";"UND";26.73;63.90;0
1024;0;"1401";8;"9";"";"";"INTEGRAL MEDICA";"XML";"H2OUT MACA COM CANELA 30 UN - INTEGRAL MEDICA";"UND";26.73;63.90;0
1025;0;"1501";8;"9";"";"";"INTEGRAL MEDICA";"XML";"VEGAN SPORT 675 GR CHOCOLATE - INTEGRAL MEDICA";"UND";43.17;104.90;4
1026;0;"1501";8;"9";"";"";"INTEGRAL MEDICA";"XML";"MY WHEY POTE CHOCOLATE 900G - INTEGRAL MEDICA";"UND";35.97;86.94;2
1027;0;"1001";8;"9";"";"";"INTEGRAL MEDICA";"XML";"COLLAGEN SPORT BAUNILHA 450 - INTEGRAL MEDICA";"UND";43.17;104.34;3
1028;0;"1001";8;"9";"";"";"INTEGRAL MEDICA";"XML";"COLLAGEN SPORT CHOCOLATE 45 -INTEGRAL MEDICA";"UND";43.17;104.34;3
1029;0;"1001";7;"9";"";"";"HERBAMED";"XML";"SERENIZZ TRIPTOFANO 60CAPS - HERBAMED";"UND";14.52;21.05;11
1030;0;"1001";7;"9";"";"";"HERBAMED";"XML";"OLEO DE LINHACA 60CAPS 1000MG - HERBAMED";"UND";15.30;22.19;57
1031;0;"1001";7;"9";"";"";"HERBAMED";"XML";"ACIDO FOLICO 60CAPS 400MG - HERBAMED";"UND";7.13;14.62;5
1032;0;"1001";7;"9";"";"";"HERBAMED";"XML";"CALCIVITAM MDK 60CAPS - HERBAMED";"UND";11.88;20.79;22
1033;0;"1001";7;"9";"";"";"HERBAMED";"XML";"SERENIZZ MELATONINA 60CAPS - HERBAMED";"UND";5.83;14.09;0
1034;0;"1001";7;"9";"";"";"HERBAMED";"XML";"VITAMINA C + ZINCO SUPRA 600MG 60CAPS - HERBAMED";"UND";5.52;14.85;121
1035;0;"1001";7;"9";"";"";"HERBAMED";"XML";"COLAGENO HID+17 VIT F VERMELHAS 200G - HERBAMED";"UND";23.11;55.85;14
1036;0;"1001";7;"9";"";"";"HERBAMED";"XML";"FLEXIGOLD SPECIAL PACK 30+30 CAPS GRATIS - HERBAME";"UND";24.96;36.19;43
1037;0;"1001";7;"9";"";"";"HERBAMED";"XML";"REJUVIT HOMEM TESTO MAX  500MG 30CAPS - HERBAMED";"UND";12.14;30.35;12
1038;0;"1001";7;"9";"";"";"HERBAMED";"XML";"TOPSLIM THERMO 400MG  60CAPS - HERBAMED";"UND";11.45;28.62;0
1039;0;"1001";7;"9";"";"";"HERBAMED";"XML";"COLAGENO TIPO 2 ULTRA SUPRA 40MG 60CPS - HERBAMED";"UND";10.73;31.29;158
1040;0;"1001";7;"9";"";"";"HERBAMED";"XML";"ACIDO HIALURONICO+VITAM. BEAUTY 80MG 30CPS - HERBA";"UND";12.20;29.49;9
1041;0;"1001";7;"9";"";"";"HERBAMED";"XML";"COLAGENO HID+17 VIT LARANJA 200G - HERBAMED";"UND";23.11;55.85;18
1042;0;"1001";7;"9";"";"";"HERBAMED";"XML";"POLIVITAMINICO SUPRA AZ 500MG  60CAPS - HERBAMED";"UND";9.18;14.32;144
1043;0;"1001";7;"9";"";"";"HERBAMED";"XML";"VITAMINA B12 SUPRA 60CAPS/500MG - HERBAMED";"UND";11.88;16.92;31
1044;0;"1001";7;"9";"";"";"HERBAMED";"XML";"VITAMINA D3 60CAPS 2000UI VERDE - HERBAMED";"UND";5.36;12.96;178
1045;0;"1001";7;"9";"";"";"HERBAMED";"XML";"OLEO DE SEMENTE DE ABOBORA 1000MG  60CPS - HERBAME";"UND";20.88;31.90;29
1046;0;"1001";7;"9";"";"";"HERBAMED";"XML";"LICOPENO DE TOMATE 500MG 60CAPS - HERBAMED";"UND";11.97;28.97;16
1047;0;"1001";7;"9";"";"";"HERBAMED";"XML";"VITAMINA D3 SUPRA  2000UI 60CAPS - HERBAMED";"UND";5.62;15.65;189
1048;0;"1001";7;"9";"";"";"HERBAMED";"XML";"CLORETO DE MAGNESIO P.A. PO 33G 1UNID -  HERBAMED";"DP";3.48;5.22;564
1049;0;"1001";7;"9";"";"";"HERBAMED";"XML";"COLAGENO BEAUTY VERISOL+Q10 LARANJA200G - HERBAMED";"UND";26.71;64.55;17
1050;0;"1001";7;"9";"";"";"HERBAMED";"XML";"COLAGENO BEAUTY VERISOL+Q10 ABACAXI200G - HERBAMED";"UND";26.71;64.55;15
1051;0;"1001";7;"9";"";"";"HERBAMED";"XML";"POLIVITAMINICO SUPRA IMUNIDADE 500MG 60CPS - HERBA";"UND";5.51;14.32;0
1052;0;"1001";7;"9";"";"";"HERBAMED";"XML";"SBELL NUTRI 60CAPS 600MG - HERBAMED";"UND";9.58;23.14;20
1053;0;"1001";7;"9";"";"";"HERBAMED";"XML";"MATERVITA 30CAPS/500MG - HERBAMED";"UND";10.62;26.55;7
1054;0;"1001";7;"9";"";"";"HERBAMED";"XML";"PSYLAX  880MG 60CPS - HERBAMED";"UND";14.70;25.73;0
1055;0;"1001";7;"9";"";"";"HERBAMED";"XML";"POLIVITAMINICO SUPRA SENIOR 500MG 60CPS - HERBAMED";"UND";5.51;14.32;0
1056;0;"1001";7;"9";"";"";"HERBAMED";"XML";"SILICIO ORGANICO + VIT 500MG   60CAPS - HERBAMED";"UND";14;33.84;22
1057;0;"1001";7;"9";"";"";"HERBAMED";"XML";"REJUVIT HOMEM CABELO E BARBA  400MG 60CPS - HERBAM";"UND";10.29;25.73;24
1058;0;"1001";7;"9";"";"";"HERBAMED";"XML";"FLEXIGOLD ULTRA 60CAPS/500MG - HERBAMED";"UND";15.88;39.09;26
1059;0;"1001";7;"9";"";"";"HERBAMED";"XML";"MELATONINA SUPRA 60CAPS/210MCG - HERBAMED";"UND";5.98;14.94;2
1060;0;"1001";7;"9";"";"";"HERBAMED";"XML";"OLEO DE COCO 60CAPS 1000MG - HERBAMED";"UND";10.66;25.75;29
1061;0;"1001";7;"9";"";"";"HERBAMED";"XML";"SELENIO 60CAPS 500MG - HERBAMED";"UND";6.34;15.31;27
1062;0;"1001";7;"9";"";"";"HERBAMED";"XML";"COMPLEXO B 60CAPS 400MG - HERBAMED";"UND";6.08;14.70;19
1063;0;"1001";7;"9";"";"";"HERBAMED";"XML";"FLEXIGOLD HA 30CAPS/500MG - HERBAMED";"UND";10.08;25.20;20
1064;0;"1001";7;"9";"";"";"HERBAMED";"XML";"OLEO DE CARTAMO C/VIT E 120CAPS/1000MG - HERBAMED";"UND";14.26;35.64;17
1065;0;"1001";7;"9";"";"";"HERBAMED";"XML";"VITAMINA A 60CAPS 500MG - HERBAMED";"UND";5.98;14.44;33
1066;0;"1001";7;"9";"";"";"HERBAMED";"XML";"REJUVIT MULHER FEMME CONTROL 500MG 30CPS -HERBAMED";"UND";12.14;30.35;31
1067;0;"1001";7;"9";"";"";"HERBAMED";"XML";"CREATINA HERBAMED 300 G - HERBAMED";"UND";29.99;69.90;6
1068;0;"1001";7;"9";"";"";"HERBAMED";"XML";"FLEXIGOLD HA 60 CAPS/500MG - HERBAMED";"UND";27.96;41.94;4
1069;0;"1001";7;"9";"";"";"HERBAMED";"XML";"CALCIO, MAG, ZINCO E VIT D3 600MG 60CPS  - HERBAME";"UND";5.72;13.83;30
1070;0;"1001";7;"9";"";"";"HERBAMED";"XML";"LARANJA MORO 60CAPS 500MG";"UND";9.14;22.10;13
1071;0;"1001";7;"9";"";"";"HERBAMED";"XML";"CRANBERRY 500MG  60CAPS - HERBAMED";"UND";9.29;26.36;26
1072;0;"1001";7;"9";"";"";"HERBAMED";"XML";"COMPLEXO B SUPRA 60CAPS/500MG - HERBAMED";"UND";9.29;15.93;35
1073;0;"1001";7;"9";"";"";"HERBAMED";"XML";"FERRO 60CAPS/14MG - HERBAMED";"UND";9.96;14.94;42
1074;0;"1001";7;"9";"";"";"HERBAMED";"XML";"CURCUMA MAX  400MG  60CAPS - HERBAMED";"UND";8.96;22.41;29
1075;0;"1001";7;"9";"";"";"HERBAMED";"XML";"CALCIVITAM FLEX 60CAPS - HERBAMED";"UND";14.36;41.90;53
1076;0;"1001";7;"9";"";"";"HERBAMED";"XML";"PICOLINATO DE CROMO  35MCG 60CAPS - HERBAMED";"UND";10.86;19.01;135
1077;0;"1001";7;"9";"";"";"HERBAMED";"XML";"FLEXIGOLD ARTRI 30 CAPS/500MG - HERBAMED";"UND";10.76;26.91;0
1078;0;"1001";7;"9";"";"";"HERBAMED";"XML";"POLIVITAMINICO SUPRA MULHER 60CAPS/500MG - HERBAME";"UND";9.18;14.32;111
1079;0;"1001";7;"9";"";"";"HERBAMED";"XML";"TREONATO MAGNESIO SUPRA 421MG 60CAPS - HERBAMED";"UND";15.96;23.94;184
1080;0;"1001";7;"9";"";"";"HERBAMED";"XML";"OLEO DE PRIMULA 500MG 60CAPS - HERBAMED";"UND";9.24;24.05;46
1081;0;"1001";7;"9";"";"";"HERBAMED";"XML";"COLAGENO TIPO 2  40MG 30CAPS - HERBAMED";"UND";7.13;20.79;65
1082;0;"1001";7;"9";"";"";"HERBAMED";"XML";"COQ10 100MG 60CAPS - HERBAMED";"UND";17.60;44.01;14
1083;0;"1001";7;"9";"";"";"HERBAMED";"XML";"MORO THERMO 60CAPS - HERBAMED";"UND";17.34;26.01;17
1084;0;"1001";7;"9";"";"";"HERBAMED";"XML";"SPIRULINA  500MG 60CAPS - HERBAMED";"UND";13.68;23.90;86
1085;0;"1001";7;"9";"";"";"HERBAMED";"XML";"VITAMINA K2 SUPRA  500MG 60CAPS - HERBAMED";"UND";8.60;21.51;46
1086;0;"1001";7;"9";"";"";"HERBAMED";"XML";"EXTRATO DE PROPOLIS 60CAPS/500MG- HERBAMED";"UND";10.30;25.74;58
1087;0;"1001";7;"9";"";"";"HERBAMED";"XML";"BIOTINA BEAUTY 60CAPS 45MCG - HERBAMED";"UND";9.18;14.44;36
1088;0;"1001";7;"9";"";"";"HERBAMED";"XML";"CONDROGEN 60CAPS/400MG - HERBAMED";"UND";14;35.01;0
1089;0;"1001";7;"9";"";"";"HERBAMED";"XML";"CALCIVITAM D3 750MG  60CAPS - HERBAMED";"UND";5.36;15.65;84
1090;0;"1001";7;"9";"";"";"HERBAMED";"XML";"POLIVITAMINICO SUPRA HOMEM 500MG 60CAPS - HERBAMED";"UND";5.50;14.32;61
1091;0;"1001";7;"9";"";"";"HERBAMED";"XML";"MAGNESIO DIMALATO SUPRA 300MG 60CAPS - HERBAMED";"UND";8.60;21.51;19
1092;0;"1001";7;"9";"";"";"HERBAMED";"XML";"FLEXIGOLD ARTRI 60 CAPS/500MG - HERBAMED";"UND";29.94;44.91;0
1093;0;"1001";7;"9";"";"";"HERBAMED";"XML";"FLEXIGOLD ULTRA 30CAPS/500MG - HERBAMED";"UND";9.54;23.85;89
1094;0;"0401";20;"9";"";"";"CANIBAL";"XML";"PANETONE AVELA 650G - CANIBAL";"UND";62.93;89.90;1
1095;0;"0401";20;"9";"";"";"CANIBAL";"XML";"PANETONE PISTACHE 650G - CANIBAL";"UND";62.93;89.90;4
1096;0;"0401";20;"9";"";"";"CANIBAL";"XML";"WAFER ACAI C/LEITINHO DISPLAY 6UN - CANIBAL";"DP";34.50;51.75;48
1097;0;"0401";20;"9";"";"";"CANIBAL";"XML";"WAFER AVELA DISPLAY 6UN - CANIBAL";"DP";34.50;51.75;43
1098;0;"0401";20;"9";"";"";"CANIBAL";"XML";"WAFER COCO DISPLAY 6UN - CANIBAL";"DP";34.50;51.75;49
1099;0;"0401";20;"9";"";"";"CANIBAL";"XML";"WAFER COOKIES DISPLAY 6UN - CANIBAL";"DP";34.50;51.75;48
1100;0;"0401";20;"9";"";"";"CANIBAL";"XML";"WAFER LEITE DISPLAY 6UN - CANIBAL";"DP";34.50;51.75;47
1101;0;"0401";20;"9";"";"";"CANIBAL";"XML";"WAFER PAPAYA C/ CASSIS  6UN - CANIBAL";"DP";34.50;51.75;60
1102;0;"0401";20;"9";"";"";"CANIBAL";"XML";"BISCOITO SWEET AVELA 20GR - CANIBAL";"UND";3.33;4.99;432
1103;0;"0401";20;"9";"";"";"CANIBAL";"XML";"BISCOITO SWEET LEITINHO 20GR - CANIBAL";"UND";3.33;4.99;240
1104;0;"1101";20;"9";"";"";"CANIBAL";"XML";"CREME DE PISTACHE 250G - CANIBAL";"UND";35.96;49.90;150
1105;0;"1101";20;"9";"";"";"CANIBAL";"XML";"CREME DE AVELA 250G - CANIBAL";"UND";28.76;49.90;145
1106;0;"0401";20;"9";"";"";"CANIBAL";"XML";"WAFER PISTACHE  DISPLAY 6UN - CANIBAL";"DP";41.90;62.85;40
1107;0;"1501";19;"9";"";"";"VITAFOR";"XML";"ISOCRISP WHEY POUCH 240G - VITAFOR";"UND";48.93;69.90;7
1108;0;"1001";19;"9";"";"";"VITAFOR";"XML";"TAURINE 550MG 60CAP - VITAFOR";"UND";40.53;57.90;10
1109;0;"0701";19;"9";"";"";"VITAFOR";"XML";"CREATINA 300G - VITAFOR";"UND";57.90;74.90;107
1110;0;"1101";21;"9";"";"";"VITAPOWER";"XML";"PASTA DE AM 600G BUENNA TRUFA - VITAPOWER";"UND";22.47;39.90;152
1111;0;"1101";21;"9";"";"";"VITAPOWER";"XML";"PASTA DE AM 600G CHOCOTINE - VITAPOWER";"UND";22.47;39.90;6
1112;0;"1101";21;"9";"";"";"VITAPOWER";"XML";"PASTA DE AM 600G LEITINHO TRUFAD - VITAPOWER";"UND";22.47;39.90;154
1113;0;"1101";21;"9";"";"";"VITAPOWER";"XML";"PASTA DE AM 600G MORANGO - VITAPOWER";"UND";22.47;39.90;154
1114;0;"1501";8;"9";"";"";"INTEGRAL MEDICA";"XML";"NUTRIWHEY BAUNILHA  POTE 907G - INTEGRAL MEDICA";"UND";28.35;67.90;0
1115;0;"1501";8;"9";"";"";"INTEGRAL MEDICA";"XML";"NUTRIWHEY MORANGO POTE 907G - INTEGRAL MEDICA";"UND";28.35;67.90;0
1116;0;"1501";8;"9";"";"";"INTEGRAL MEDICA";"XML";"NUTRIWHEY COOKIES POTE 9007G - INTEGRAL MEDICA";"UND";28.35;67.90;13
1117;0;"1501";8;"9";"";"";"INTEGRAL MEDICA";"XML";"NUTRIWHEY CHOCOLATE POTE 907G - INTEGRAL MEDICA";"UND";28.35;67.90;18
1118;0;"1001";7;"9";"";"";"HERBAMED";"XML";"PSYLAX 5G 10 ENVELOPES - HERBAMED";"UND";12.48;25.90;86
1119;0;"1001";7;"9";"";"";"HERBAMED";"XML";"VITAMINA K2 500MG  60CAPS - HERBAMED";"UND";8.21;17.64;52
1120;0;"1001";7;"9";"";"";"HERBAMED";"XML";"MAGNESIO DIMALATO 400MG  60CAPS - HERBAMED";"UND";8.24;20.61;113
1121;0;"1001";7;"9";"";"";"HERBAMED";"XML";"COLAGENO BEAUTY VERISOL+Q10 F VERM.200G - HERBAMED";"UND";26.71;64.55;11
1122;0;"1001";7;"9";"";"";"HERBAMED";"XML";"CURCUMA 60CAPS 500MG - HERBAMED";"UND";7.16;17.31;0
1123;0;"1001";7;"9";"";"";"HERBAMED";"XML";"CABELO E UNHAS SUPRA 500MG 60CAPS - HERBAMED";"UND";11.99;14.32;152
1124;0;"1001";7;"9";"";"";"HERBAMED";"XML";"OLEO DE ALHO 60CAPS 250MG - HERBAMED";"UND";5.18;12.53;14
1125;0;"1001";7;"9";"";"";"HERBAMED";"XML";"GUARANA 60 CAPS 500MG - HERBAMED";"UND";5.90;14.27;19
1126;0;"1001";7;"9";"";"";"HERBAMED";"XML";"ZINCO QUELATO 60CAPS 29,59MG - HERBAMED";"UND";5.33;12.88;2
1127;0;"1001";7;"9";"";"";"HERBAMED";"XML";"LUTEINA + ZEAXANTINA SUPRA  500MG 60CPS - HERBAMED";"UND";7.85;19.62;23
1128;0;"1001";7;"9";"";"";"HERBAMED";"XML";"SERENIZZ PLUS TRIPTOFANO+MELATONINA 60CPS - HERBAM";"UND";10.15;24.53;0
1129;0;"1001";7;"9";"";"";"HERBAMED";"XML";"COLAGENO TIPO 2 SUPRA 60CPS 40MG - HERBAMED";"UND";10.01;24.19;43
1130;0;"1001";7;"9";"";"";"HERBAMED";"XML";"OLEO DE BORRAGEM 500MG 60CAPS - HERBAMED";"UND";12.02;35.07;67
1131;0;"1101";5;"9";"";"";"DR PEANUT";"XML";"PASTA DE AM DOCE DE LEITE 600G - DR PEANUT";"UND";19.90;41.90;222
1132;0;"1501";3;"W";"";"";"BODY ACTION";"XML";"ISOLATE DEFINITION POTE 900G BAUNILHA";"UND";68.80;103.20;0
1133;0;"1501";3;"W";"";"";"BODY ACTION";"XML";"ISOLATE DEFINITION POTE 900G CHOCOLATE";"UND";68.80;103.20;17
1134;0;"1501";3;"W";"";"";"BODY ACTION";"XML";"ISOLATE DEFINITION POTE 900G MORANGO";"UND";68.80;103.20;11
1135;0;"1501";3;"W";"";"";"BODY ACTION";"XML";"ISOLATE DEFINITION POTE 900G NAPOLITANO";"UND";68.80;103.20;6
1136;0;"1001";7;"9";"";"";"HERBAMED";"XML";"ZINCO QUELATO SUPRA 60CAPS/29,59MG - HERBAMED";"UND";9.30;13.95;92
1137;0;"1001";7;"9";"";"";"HERBAMED";"XML";"MELATONINA 60CAPS 210MCG - HERBAMED";"UND";9.48;14.22;72
1138;0;"1001";7;"9";"";"";"HERBAMED";"XML";"VITAMINA E SUPRA 60CAPS 400MG";"UND";11.88;17.82;47
1139;0;"1001";7;"9";"";"";"HERBAMED";"XML";"COENZIMA Q10 30CAPS 100MG - HERBAMED";"UND";17.64;26.46;70
1140;0;"1001";7;"9";"";"";"HERBAMED";"XML";"VITAMINA E 60CAPS 400MG - HERBAMED";"UND";11.28;16.92;91
1141;0;"9999";3;"9";"";"";"BODY ACTION";"XML";"CAIBROFF 60 CAPS - BODY ACTION";"UND";19.07;29.90;103
1142;0;"9999";3;"9";"";"";"BODY ACTION";"XML";"DILAFLEX 90 CAPS - BODY ACTION";"UND";23.09;39.90;19
1143;0;"9999";3;"9";"";"";"BODY ACTION";"XML";"SALT RELOAD 30 CAPS - BODY ACTION";"UND";13.66;23.42;56
1146;0;"0301";3;"9";"";"";"BODY ACTION";"XML";"BCAA M-TOR 90 CAPS";"UND";14.95;22.43;57
1147;0;"0301";3;"9";"";"";"BODY ACTION";"XML";"ESSENCIAL-9 225G - LIMONADA SUICA";"UND";35.52;53.28;30
1148;0;"0301";3;"9";"";"";"BODY ACTION";"XML";"ESSENCIAL-9 225G - GUARANA COM ACAI";"UND";35.52;53.28;28
1149;0;"1901";3;"9";"";"";"BODY ACTION";"XML";"ENERGEL OUTDOORS DISPLAY 10 SACHES - GUARANA COM A";"UND";14.99;25.70;75
1150;0;"1901";3;"9";"";"";"BODY ACTION";"XML";"ENERGEL OUTDOORS DISPLAY 10 SACHES - MORANGO SILVE";"UND";14.99;25.70;62
1151;0;"1901";3;"9";"";"";"BODY ACTION";"XML";"ENERGEL OUTDOORS DISPLAY 10 SACHES - TANGERINA";"UND";14.99;22.70;61
1152;0;"1901";3;"9";"";"";"BODY ACTION";"XML";"HIDRATON 1KG SACO - GUARANA COM ACAI";"UND";28.29;43.90;49
1153;0;"1901";3;"9";"";"";"BODY ACTION";"XML";"HIDRATON 1KG SACO - LIMAO";"UND";28.29;43.90;30
1154;0;"1901";3;"9";"";"";"BODY ACTION";"XML";"PALATINOSE 300G - BODYACTION";"UND";30.43;45.65;30
1155;0;"1401";3;"9";"";"";"BODY ACTION";"XML";"L-CARNITINA BLACK 90 CAPSULAS";"UND";31.32;46.90;15
1156;0;"1401";3;"9";"";"";"BODY ACTION";"XML";"L-CARNITINE 2000MG 90 CAPSULAS";"UND";30.05;45.90;38
1157;0;"1001";3;"9";"";"";"BODY ACTION";"XML";"ZERAPETITE 60 CAPSULAS";"UND";22.66;39.90;66
1158;0;"1401";3;"9";"";"";"BODY ACTION";"XML";"THERMO ABDOMEN BLACK 60 COMPRIMIDOS";"UND";36.80;55.20;30
1159;0;"1501";3;"9";"";"";"BODY ACTION";"XML";"BODY WHEY 900G BAUNILHA";"UND";33.32;52.90;30
1160;0;"1501";3;"9";"";"";"BODY ACTION";"XML";"BODY WHEY 900G CHOCOLATE";"UND";33.32;52.90;54
1161;0;"1501";3;"9";"";"";"BODY ACTION";"XML";"BODY WHEY 900G MORANGO";"UND";33.32;52.90;28
1162;0;"0501";3;"9";"";"";"BODY ACTION";"XML";"COLAGENO THERMO SKIN 200G GUARANA COM ACAI";"UND";36.65;54.98;22
1163;0;"0501";3;"9";"";"";"BODY ACTION";"XML";"COLAGENO THERMO SKIN 200G LARANJA COM ACEROLA";"UND";36.65;54.98;21
1164;0;"1501";16;"9";"";"";"SHARK PRO";"XML";"100% HEY PROTEIN IOGURT C/FRUTAS REFIL 900g SHARK";"UND";54.01;79.90;33
1165;0;"0901";16;"9";"";"";"SHARK PRO";"XML";"ANABOLIK MASS POUNCH CHOCOLATE 3KG - SHARK PRO";"UND";48.96;73.44;0
1166;0;"0901";16;"9";"";"";"SHARK PRO";"XML";"ANABOLIK MASS POUNCH MORANGO 3KG - SHARK PRO";"UND";48.96;73.44;0
1167;0;"0901";16;"9";"";"";"SHARK PRO";"XML";"ANABOLIK MASS POUNCH BAUNILHA 3KG - SHARK PRO";"UND";48.96;73.44;0
1168;0;"0901";16;"9";"";"";"SHARK PRO";"XML";"ANABOLIK MASS POUNCH CHOC BRANCO 3KG - SHARK PRO";"UND";48.96;73.44;0
1169;0;"9999";16;"9";"";"";"SHARK PRO";"XML";"DRY COFFEE - CHOC TRUFADO - 300GR";"UND";44.63;66.95;17
1170;0;"9999";16;"9";"";"";"SHARK PRO";"XML";"DRY COFFEE - CARAMELO - 300GR";"UND";44.63;66.95;4
1171;0;"9999";16;"9";"";"";"SHARK PRO";"XML";"DRY COFFEE - VANILLA LATTE - 300GR";"UND";44.63;66.95;13
1172;0;"0601";16;"9";"";"";"SHARK PRO";"XML";"ISOTONICO - 1KG - ACAI C/ GUARANA";"UND";25;37.50;0
1173;0;"0601";16;"9";"";"";"SHARK PRO";"XML";"ISOTONICO - 1KG - LIMAO";"UND";25;37.50;0
1174;0;"0601";16;"9";"";"";"SHARK PRO";"XML";"ISOTONICO - 1KG - MORANGO C/ MARACUJA";"UND";25;37.50;0
1175;0;"0601";16;"9";"";"";"SHARK PRO";"XML";"PALATINOSE 300GR - SHARK PRO";"UND";34.90;52.35;5
1176;0;"1101";16;"9";"";"";"SHARK PRO";"XML";"PASTA DE AM AVELA  600G - SHARK PRO";"UND";26.93;39.90;52
1177;0;"1101";16;"9";"";"";"SHARK PRO";"XML";"PASTA DE AM BEIJINHO 600G - SHARK PRO";"UND";26.93;39.90;34
1178;0;"1101";16;"9";"";"";"SHARK PRO";"XML";"PASTA DE AM CACAU 600G - SHARK PRO";"UND";26.93;39.90;30
1179;0;"1101";16;"9";"";"";"SHARK PRO";"XML";"PASTA DE AM CHOC BRANCO 600G - SHARK PRO";"UND";26.93;39.90;36
1180;0;"1101";16;"9";"";"";"SHARK PRO";"XML";"PASTA DE AM COOKIES 600G - SHARK PRO";"UND";26.93;39.90;101
1181;0;"1101";16;"9";"";"";"SHARK PRO";"XML";"PASTA DE AM FLOR BRANCA 600G - SHARK PRO";"UND";27.93;39.90;98
1182;0;"1101";16;"9";"";"";"SHARK PRO";"XML";"PASTA DE AM PRESTIGE 600G - SHARK PRO";"UND";26.93;39.90;44
1183;0;"1101";16;"9";"";"";"SHARK PRO";"XML";"PASTA DE AM SENSACREAM 600G - SHARK PRO";"UND";26.93;39.90;94
1184;0;"0601";16;"9";"";"";"SHARK PRO";"XML";"SHARK-UP ACAI/GUARANA/BANANA CX10UN - SHARK PRO";"UND";14.92;22.90;107
1185;0;"0601";16;"9";"";"";"SHARK PRO";"XML";"SHARK-UP CARAMELO CX10UN - SHARK PRO";"UND";14.92;22.90;32
1186;0;"0601";16;"9";"";"";"SHARK PRO";"XML";"SHARK-UP LARANJA CX10UN - SHARK PRO";"UND";14.92;22.90;33
1187;0;"0601";16;"9";"";"";"SHARK PRO";"XML";"SHARK-UP MORANGO CX10UN - SHARK PRO";"UND";14.92;22.90;26
1188;0;"1301";16;"9";"";"";"SHARK PRO";"XML";"TXT DRINK MANGO LOCO 473ML - SHARK PRO";"UND";6.99;9.90;345
1189;0;"1301";16;"9";"";"";"SHARK PRO";"XML";"TXT DRINK ACAI / GUARANA - SHARK PRO";"UND";6.99;9.99;230
1190;0;"1301";16;"9";"";"";"SHARK PRO";"XML";"TXT DRINK - ABACAXI C/ MENTA 473ML - SHARK PRO";"UND";6.99;9.99;51
1191;0;"0101";16;"9";"";"";"SHARK PRO";"XML";"COQUETELEIRA - SHARK PRO";"UND";15.21;19.90;30
1192;0;"9999";3;"9";"";"";"SHARK PRO";"XML";"COQUETELEIRA AZUL - SHARK PRO";"UND";15.21;19.90;50
1193;0;"1001";7;"9";"";"";"HERBAMED";"XML";"MAG PLUS 5  550MG  60CAPS - HERBAMED";"UND";15.12;22.68;135
1194;0;"1001";7;"9";"";"";"HERBAMED";"XML";"VITAMINA D-VITA D3 20ML LARANJA 2000UI D";"UND";11.94;17.91;144
1195;0;"9999";7;"9";"";"";"HERBAMED";"XML";"BALSAMO SUPREMO 200G - HERBAMED";"UND";11.94;17.91;25
1196;0;"9999";7;"9";"";"";"HERBAMED";"XML";"OLEO DE CARTAMO C/VIT E 60CAPS/1000MG - HERBAMED";"UND";14.22;21.33;45
1197;0;"9999";7;"9";"";"";"HERBAMED";"XML";"OMEGA 3 60CAPS/1000MG (OLEO DE PEIXE)";"UND";23.70;35.55;45
1198;0;"9999";7;"9";"";"";"HERBAMED";"XML";"CLORETO DE MAGNESIO P.A. 500MG  60CAPS - HERBAMED";"UND";10.62;15.93;39
1199;0;"9999";7;"9";"";"";"HERBAMED";"XML";"OMEGA 3-6-9 60CAPS 1000MG (OLEO DE LINHACA, PRIMUL";"UND";19.44;29.16;40
1200;0;"9999";7;"9";"";"";"HERBAMED";"XML";"CAFEINA 60CAPS 200MG - HERBAMED";"UND";15.54;23.31;81
1201;0;"9999";7;"9";"";"";"HERBAMED";"XML";"PSYLLIUM 500MG 60CAPS - HERBAMED";"UND";12.78;19.17;133
1202;0;"9999";7;"9";"";"";"HERBAMED";"XML";"VITAMINA B12 - METILCOBALAMINA 60CAPS";"UND";10.74;16.11;86
1203;0;"9999";7;"9";"";"";"HERBAMED";"XML";"CAFEINA SUPRA 200MG 60CAPS - HERBAMED";"UND";16.32;24.48;83
1205;0;"1001";7;"9";"";"";"HERBAMED";"";"GUARANA PO 100G - HERBAMED";"UND";10.14;16.90;0
1206;0;"1001";7;"9";"";"";"HERBAMED";"";"L-TRIPTOFANO+VIT.E MINERAIS 60CAPS/600MG - HERBA";"UND";13.74;22.90;0
1207;0;"1001";7;"9";"";"";"HERBAMED";"";"VITAMINA C 60CAPS/500MG - HERBAMED";"UND";9.90;16.50;0
1208;0;"1001";7;"9";"";"";"HERBAMED";"";"OLEO DE SEMENTE DE UVA 60CAPS/1000MG - HERBAMED";"UND";18.96;31.60;0
1209;0;"9999";7;"9";"";"";"HERBAMED";"";"OMEGA 3 MEG-3 120CAPS/1000MG - HERBAMED";"UND";39.54;65.90;0
1210;0;"0501";7;"";"";"";"HERBAMED";"";"COLAGENO VERISOL+VITAM. E MIN.60CAPS/750 - HERBAME";"UND";23.88;39.80;0
1211;0;"0501";7;"";"";"";"HERBAMED";"";"COLAGENO VERISOL+VITAM. E MIN.120CAPS/750 - HERBAM";"UND";39.54;65.90;0
1212;0;"1001";7;"9";"";"";"HERBAMED";"";"HAIR, SKIN & NAILS 60CAPS/500MG - HERBAMED";"UND";14.34;23.90;0
1213;0;"1001";7;"9";"";"";"HERBAMED";"";"COLAGENO HIDR.+17 VITAM. E MIN. ABACAXI 200G LATA";"UND";38.52;64.20;0
1214;0;"1001";7;"9";"";"";"HERBAMED";"";"COLAGENO SACHE VERISOL+AC.HIAL.Q10+17 VITMIN ABACA";"UND";49.98;83.30;0
1215;0;"1001";7;"9";"";"";"HERBAMED";"";"COLAGENO SACHE VERISOL+AC.HIAL.+Q10+17 VITMIN. FV";"UND";49.98;83.30;0
1216;0;"1001";7;"9";"";"";"HERBAMED";"";"COLAGENO SACHE VERISOL+AC HIAL.+Q10+17 VITMIN LAR";"UND";49.98;83.30;0
1217;0;"9999";7;"9";"";"";"HERBAMED";"";"SUPRA CLORETO DE MAGNESIO P.A. 60CAPS/500MG - HERB";"UND";11.16;18.60;0
1218;0;"1001";7;"9";"";"";"HERBAMED";"";"D-VITA 20ML - HERBAMED";"UND";11.94;19.90;0
1219;0;"1001";7;"";"";"";"HERBAMED";"";"LUXTEIN 60CAPS/400MG - HERBAMED";"UND";14.94;24.90;0
1220;0;"1201";7;"9";"";"";"HERBAMED";"";"REJUVIT MULHER PELE,CABELOS E UNHAS 60CAPS/400MG -";"UND";14.70;24.50;0
1221;0;"1001";7;"9";"";"";"HERBAMED";"";"SERENIZZ CALM 60CAPS/500MG - HERBAMED";"UND";13.68;22.80;0
1222;0;"1001";7;"9";"";"";"HERBAMED";"";"SERENIZZ MELATONINA MARACUJA 20ML - HERBAMED";"UND";11.97;19.95;0
1223;0;"1001";7;"9";"";"";"HERBAMED";"";"FLEXIGOLD MSM COLAG.II AC.HIAL. 60CAP/30G - HERBAM";"UND";0;0;0
1224;0;"1001";7;"9";"";"";"HERBAMED";"";"COGNIFOCUS CAFEINA+COLINA+TAURINA+VIT.+MIN. -HERBA";"UND";0;0;0
1225;0;"1001";7;"9";"";"";"HERBAMED";"";"FLEXIGOLD CONDRO COL.II+CONDRO.+GLUCO 60CAP/33G";"UND";0;0;0
1226;0;"1001";7;"9";"";"";"HERBAMED";"";"MAG PLUS CLORETO DE MAGNÉSIO P.A. 500MG 60CAP - HE";"UND";13.22;21.55;281
1227;0;"1001";7;"9";"";"";"HERBAMED";"";"MAG PLUS 6 52G - 60 CAP - HERBAMED";"UND";19.32;31.50;237
1228;0;"1001";7;"9";"";"";"HERBAMED";"";"MAG PLUS MDK 60 CAP 30G - HERBAMED";"UND";17.72;28.89;274
1229;0;"1001";7;"9";"";"";"HERBAMED";"";"MAG PLUS MAGNÉSIO BISGLIC.600MG 60 CAP/30G - HERBA";"UND";17.72;28.89;266
1230;0;"1001";7;"9";"";"";"HERBAMED";"";"MAG PLUS MAGNESIO DIMALATO 400MG 60CAP/30G - HERBA";"UND";16.10;26.26;275
1231;0;"1001";7;"9";"";"";"HERBAMED";"";"MAG PLUS BIOTREONATO 60 CAP/30G - HERBAMED";"UND";17.72;28.89;252
1232;0;"1001";7;"9";"";"";"HERBAMED";"";"MAG PLUS DISPLAY C/18 UNID - HERBAME";"DP";257.82;497.94;31
1233;0;"1001";19;"9";"";"";"VITAFOR";"XML";"OMEGAFOR PLUS 120CAPS - VITAFOR";"UND";98.10;135.90;112
1234;0;"1001";19;"9";"";"";"VITAFOR";"XML";"OMEGAFOR PLUS 60CAPS - VITAFOR";"UND";59.40;79.90;143
1235;0;"1001";19;"9";"";"";"VITAFOR";"XML";"CARBOFOR 400G - VITAFOR";"UND";26.10;36.90;3
1236;0;"1501";19;"9";"";"";"VITAFOR";"XML";"ISOCRISP PLANT POUCH 240G - VITAFOR";"UND";40.05;56.90;8
1237;0;"1001";19;"9";"";"";"VITAFOR";"XML";"OMEGAFOR FAMILY 120CAPS - VITAFOR";"UND";75.60;105.84;5
1238;0;"1001";19;"9";"";"";"VITAFOR";"XML";"OMEGAFOR FAMILY 360CAPS - VITAFOR";"UND";179.55;251.37;6
1239;0;"1001";19;"9";"";"";"VITAFOR";"XML";"OMEGAFOR FAMILY 60CAPS - VITAFOR";"UND";42.75;59.85;5
1240;0;"9999";3;"9";"";"";"USO E CONSUMO";"XML";"CART. DE TONER COMP. COM PM CB435/436/285/278 U 2K";"PC";26.30;39.45;0
1241;0;"1001";19;"9";"";"";"VITAFOR";"XML";"Q10 200MG 60 CAPS P/ PORCAO - VITAFOR";"UND";68.80;103.20;72
1242;0;"1001";19;"9";"";"";"VITAFOR";"XML";"Q10 200MG 120 CAPS P/ PORCAO - VITAFOR";"UND";119.60;173.40;35
1243;0;"1101";21;"9";"";"";"VITAPOWER";"XML";"PASTA DE AM 280G BUENNA TRUFA - VITAPOWER";"UND";11.07;19.90;66
1244;0;"1101";21;"9";"";"";"VITAPOWER";"XML";"PASTA DE AM 280G LEITINHO TRUFADO - VITAPOWER";"UND";11.07;19.90;66
1245;0;"1101";21;"9";"";"";"VITAPOWER";"XML";"PASTA DE AM 280G MORANGO TRUFADO - VITAPOWER";"UND";11.07;19.90;73
1246;0;"1101";21;"9";"";"";"VITAPOWER";"XML";"PASTA DE AM 280G SUPER CREAMY  - VITAPOWER";"UND";11.07;19.90;48
1247;0;"1101";21;"9";"";"";"VITAPOWER";"XML";"PASTA DE AM 280G SUPER CRUNCHY - VITAPOWER";"UND";11.07;19.90;46
1248;0;"1101";21;"9";"";"";"VITAPOWER";"XML";"PASTA DE AM 1,05KG BROWNIE CREAM  - VITAPOWER";"UND";22.77;39.90;45
1249;0;"1101";21;"9";"";"";"VITAPOWER";"XML";"PASTA DE AM 1,05KG COOKIES E CREAM - VITAPOWER";"UND";22.77;39.90;45
1250;0;"1101";21;"9";"";"";"VITAPOWER";"XML";"PASTA DE AM 1,05KG SHOT PROTEIN - VITAPOWER";"UND";22.77;39.90;45
1251;0;"1101";21;"9";"";"";"VITAPOWER";"XML";"PASTA DE AM 1,05KG BEEZ BRANCO - VITAPOWER";"UND";22.77;39.90;46
1254;0;"1301";10;"9";"";"";"MAX TITANIUM";"XML";"HORUS 300G SABOR PINK LEMONADE - MAX TITANIUM";"DP";59.89;96.90;94
1255;0;"1301";10;"9";"";"";"MAX TITANIUM";"XML";"HORUS 300G SABOR MOJITO - MAX TITANIUM";"DP";59.89;96.90;60
1257;0;"1301";10;"9";"";"";"MAX TITANIUM";"XML";"100% WHEY POTE 900G MORANGO - MAX TITANIUM";"UND";79.76;99.90;0
1258;0;"1001";11;"9";"";"";"MAXINUTRI";"XML";"VITAMINA B12 MASTIGAVEIS - 60 COMP. - CAIXA 12 UND";"UND";15.70;24.80;0
1259;0;"0101";13;"9";"";"";"POWER SUPLEMENT";"XML";"COQUETELEIRA 700ML PRETA - POWER SUPLEMENT";"UND";5.90;14.90;17
1262;0;"1001";19;"9";"";"";"VITAFOR";"XML";"MAGNESIO PLUS 90 CAPS 690MG - VITAFOR";"UND";42.78;62.03;161
1263;0;"1001";19;"9";"";"";"VITAFOR";"XML";"VITA C3 60 CAPS 1000MG - VITAFOR";"UND";30.99;44.93;30
1264;0;"0101";10;"9";"";"";"MAX TITANIUM";"XML";"COQUETELEIRA MAX AZUL 700ML";"UND";4.20;14.90;9
1265;0;"1001";11;"9";"";"";"MAXINUTRI";"XML";"OMEGA 3/6/9 MULHER (LINH/BORRAG/PRIM/VIT.E) - 60 C";"UND";28.46;42.69;0
1266;0;"1001";11;"9";"";"";"MAXINUTRI";"XML";"Q-10 (COENZIMA Q10) 50MG - 60 CAPS - CAIXA 12 UND";"UND";23.52;35.28;0
1267;0;"1001";11;"9";"";"";"MAXINUTRI";"XML";"Q-10 (COENZIMA Q10) 100MG - 60 CAPS - CAIXA 12 UND";"UND";33.08;49.62;0
1268;0;"1001";11;"9";"";"";"MAXINUTRI";"XML";"ASCORVIT-C E ZINCO 1G (VIT. C + ZINCO) - 60CAPS -";"UND";18.38;27.57;0
1269;0;"1001";11;"9";"";"";"MAXINUTRI";"XML";"PEIXONIX OMEGA 3 MASTIGAVEL SABOR CEREJA - 60 CAPS";"UND";24.50;36.79;0
1270;0;"1001";11;"9";"";"";"MAXINUTRI";"XML";"NUTRICAPS MULHER - 60 CAPS - CAIXA 12 UND";"UND";14;21;0
1271;0;"1001";11;"9";"";"";"MAXINUTRI";"XML";"NUTRICAPS SENIOR - 60 CAPS - CAIXA 12 UND";"UND";17.50;26.29;0
1272;0;"1001";11;"9";"";"";"MAXINUTRI";"XML";"NUTRICAPS A-Z (POLIVITAMINICO) 250MG - 60 CAPS - C";"UND";15.40;23;0
1273;0;"1001";11;"9";"";"";"MAXINUTRI";"XML";"ASCORVIT-C E ZINCO 1G (VIT. C +ZINCO) - 30CAPS - C";"UND";12.11;18.17;0
1274;0;"1001";11;"9";"";"";"MAXINUTRI";"XML";"MELATONINA + L-TRIPTOFANO (ACALENTUS PLUS) - 60 CA";"UND";19.11;28.66;0
1275;0;"1001";11;"9";"";"";"MAXINUTRI";"XML";"ACETILCISTEINA 600MG (FLUCETIL) GRAN. ENV. 16 X 5G";"UND";11.31;16.97;0
1276;0;"1001";11;"9";"";"";"MAXINUTRI";"XML";"ACETILCISTEINA 600MG (FLUCETIL) CAPS C/ 16 - CAIXA";"UND";10.61;15.92;0
1277;0;"1001";11;"9";"";"";"MAXINUTRI";"XML";"REHIDRALIN 04 ENV. 28G - LARANJA - CAIXA 24 UND";"UND";6.16;9.24;0
1278;0;"1001";11;"9";"";"";"MAXINUTRI";"XML";"REHIDRALIN 04 ENV. 28G - UVA - CAIXA 24 UND";"UND";6.16;9.24;0
1279;0;"1001";11;"9";"";"";"MAXINUTRI";"XML";"Q-10 GOLD (COENZIMA Q10) 100MG - 60 CAPS - CAIXA 1";"UND";33.81;50.71;0
1280;0;"1001";11;"9";"";"";"MAXINUTRI";"XML";"Q-10 GOLD (COENZIMA Q10) 50MG - 60 CAPS - CAIXA 12";"UND";24.26;36.39;0
1281;0;"1001";11;"9";"";"";"MAXINUTRI";"XML";"VITATOON LUCCAS NETO FERRO (AC. FOLICO + VIT. B12)";"UND";17.22;25.83;0
1282;0;"1001";11;"9";"";"";"MAXINUTRI";"XML";"VITATOON LUCCAS NETO POLIVITAMINICO AAZ - SABOR BR";"UND";25.76;38.64;0
1283;0;"1001";11;"9";"";"";"MAXINUTRI";"XML";"VITATOON LUCCAS NETO POLIVITAMINICO AAZ - SABOR TU";"UND";25.76;38.64;0
1284;0;"1001";11;"9";"";"";"MAXINUTRI";"XML";"Q-10 GOLD (COENZIMA Q10) 200MG - 30 CAPS - CAIXA 1";"UND";30.45;45.68;0
1285;0;"1001";11;"9";"";"";"MAXINUTRI";"XML";"COLAGENO HIDR. 2EM1 250G - AMORA - CAIXA 6 UND";"UND";43.80;65.70;0
1286;0;"1001";11;"9";"";"";"MAXINUTRI";"XML";"COLAGENO VERISOL / DERMUP 650MG - 90 CAPS - CAIXA";"UND";29.20;43.80;0
1287;0;"1001";11;"9";"";"";"MAXINUTRI";"XML";"CHA VERDE SOLUVEL ZERO LIMAO - 250G - CAIXA 6 UND";"UND";20.88;31.32;0
1288;0;"1001";11;"9";"";"";"MAXINUTRI";"XML";"COLAGENO VERISOL + Q10 SACHE 30X5G - SABOR NEUTRO";"UND";51.10;76.65;0
1289;0;"1001";11;"9";"";"";"MAXINUTRI";"XML";"MEMORIN (FOSFORO + VITAMINAS) - 60 CAPS - CAIXA 12";"UND";22.27;33.40;0
1290;0;"1001";11;"9";"";"";"MAXINUTRI";"XML";"CALCIUM MAXX - CALCIO CITR MAL + K2 - 60 CAPS - CA";"UND";24.82;37.23;0
1291;0;"1001";11;"9";"";"";"MAXINUTRI";"XML";"IMUNOFORT (WELLMUNE + VIT) 250MG - 60 CAPS - CAIXA";"UND";41.76;62.64;0
1292;0;"1001";11;"9";"";"";"MAXINUTRI";"XML";"L-GLUTAMINA 300G - 100% PURA - CAIXA 06 UND";"UND";56.21;84.31;0
1293;0;"1001";11;"9";"";"";"MAXINUTRI";"XML";"NUTRIDE VITAMINA D 2.000 UI - 60 CAPS - CAIXA 12 U";"UND";14.60;52.56;0
1294;0;"1001";11;"9";"";"";"MAXINUTRI";"XML";"COLAGENO VERISOL + Q10 SACHE 30X5G - SABOR FRUTAS";"UND";51.10;76.65;0
1295;0;"1001";11;"9";"";"";"MAXINUTRI";"XML";"COLAGENO VERISOL + Q10 SACHE 30X5G - SABOR UVA VER";"UND";51.10;76.65;0
1296;0;"1001";11;"9";"";"";"MAXINUTRI";"XML";"COLAGENO HIDR. 2EM1 SACHE - FRUTAS VERMELHAS 30X10";"UND";51.10;76.65;0
1297;0;"1001";11;"9";"";"";"MAXINUTRI";"XML";"CALCIUM MAXX - CALCIO + D3 600MG - 60 CAPS - CAIXA";"UND";11.97;17.96;0
1298;0;"1001";11;"9";"";"";"MAXINUTRI";"XML";"LEVEDO DE CERVEJA 450MG - 120 CAPS - CAIXA 12 UND";"UND";13.80;20.70;0
1299;0;"1001";11;"9";"";"";"MAXINUTRI";"XML";"VITAMINA K2 - 125MCG (MENAQUIN GOLD) - 60 CAPS - C";"UND";25.70;38.55;0
1300;0;"1001";11;"9";"";"";"MAXINUTRI";"XML";"HAIRSKIN SUPREME D- PANTENOL - 60 CAPS - CAIXA 12";"UND";19.93;29.89;0
1301;0;"1001";11;"9";"";"";"MAXINUTRI";"XML";"DERMUP SUPREME AC HIALURONICO D- PANTENOL - 30 CAP";"UND";28.47;42.70;0
1302;0;"1001";11;"9";"";"";"MAXINUTRI";"XML";"THERMO ACTIVE TERMOGENICO - FRUTAS CITRICAS - SACH";"UND";32.85;49.28;0
1303;0;"1001";11;"9";"";"";"MAXINUTRI";"XML";"CONDRIGEN H.A (COLAGENO TIPO II / UCII + AC HIALUR";"UND";33.60;52.56;0
1304;0;"1001";11;"9";"";"";"MAXINUTRI";"XML";"CONDRIGEN ULTRA (COLAGENO UC-II + MDK) - 60 CAPS -";"UND";47.45;71.17;0
1305;0;"1001";11;"9";"";"";"MAXINUTRI";"XML";"DERMUP SUPREME VERISOL + HA - SACHES LIMAO SICILIA";"UND";54.75;82.12;0
1306;0;"1001";11;"9";"";"";"MAXINUTRI";"XML";"DERMUP SUPREME VERISOL + HA - SACHES F. VERMELHAS";"UND";54.75;82.12;0
1307;0;"1001";11;"9";"";"";"MAXINUTRI";"XML";"ZINCO + 28MG 400% IDR - 60 CAPS - CAIXA 12 UND";"UND";9.78;14.67;0
1308;0;"1001";11;"9";"";"";"MAXINUTRI";"XML";"CONDRIGEN TRIO (MSM+COLAGENO TIPO II+AC. HIAL.+ VI";"UND";29.40;45.99;0
1309;0;"1001";11;"9";"";"";"MAXINUTRI";"XML";"COLAGENO VERISOL + Q10 SACHE 30X5G - SABOR LIMAO S";"UND";51.10;76.69;0
1310;0;"1001";11;"9";"";"";"MAXINUTRI";"XML";"DESLAC FLORA - LACTASE + LACTOBACILLUS - 30 CAPS -";"UND";34.31;51.46;0
1311;0;"1001";11;"9";"";"";"MAXINUTRI";"XML";"HAIRSKIN FEMME - 90 CAPS - CAIXA 12 UND";"UND";24.46;36.69;0
1312;0;"1001";11;"9";"";"";"MAXINUTRI";"XML";"CISTEFLUX CRANBERRY 5 G - 30 SACHES - CAIXA 06 UND";"UND";32.12;48.18;0
1313;0;"1001";11;"9";"";"";"MAXINUTRI";"XML";"CISTEFLUX - CRANBERRY - 30 CAPS - CAIXA 12 UND";"UND";25.55;38.33;0
1314;0;"1001";11;"9";"";"";"MAXINUTRI";"XML";"GUARANA 500MG - 60 CAPS - CAIXA 12 UND";"UND";14.45;21.67;0
1315;0;"1001";11;"9";"";"";"MAXINUTRI";"XML";"DESLAC - LACTASE 10.000 FCC MASTIGAVEL - 30 CP - C";"UND";22.63;33.94;0
1316;0;"1001";11;"9";"";"";"MAXINUTRI";"XML";"DIMAG TRIO (DI-MAGNESIO MALATO + BISGLICINATO + TA";"UND";21;32.85;0
1317;0;"1001";11;"9";"";"";"MAXINUTRI";"XML";"CONDRIGEN CURC - 60 CAPS - CAIXA 12 UND";"UND";29.20;43.80;0
1318;0;"1001";11;"9";"";"";"MAXINUTRI";"XML";"DESLAC - LACTASE 10.000 FCC MASTIGAVEL - 08 CP - C";"UND";7.30;10.95;0
1319;0;"1001";11;"9";"";"";"MAXINUTRI";"XML";"FLORAMAIS PROB. LACTOBACILUS ACIDOPHILUS 6 CAPS 1B";"UND";7.59;11.38;0
1320;0;"1001";11;"9";"";"";"MAXINUTRI";"XML";"FLORAMAIS PROB. LACTOBACILUS ACIDOPHILUS 12 CAPS 1";"UND";11.61;17.41;0
1321;0;"1001";11;"9";"";"";"MAXINUTRI";"XML";"COLAGENO FEMME 700MG + (VIT. A, C, D, E E ZINCO) -";"UND";23.36;35.04;0
1322;0;"1001";11;"9";"";"";"MAXINUTRI";"XML";"PRIMAFISH - OMEGA 3 + POLIVITAMINAS E MINERAIS - 6";"UND";29.93;44.89;0
1323;0;"1001";11;"9";"";"";"MAXINUTRI";"XML";"COLAGENO HIDR. 2EM1 250G - FRUTAS VERMELHAS - CAIX";"UND";43.80;65.70;0
1324;0;"1001";11;"9";"";"";"MAXINUTRI";"XML";"PROPOMUNE (EXT. DE PROP. CONCENTRADO /70%) 30ML -";"UND";13.87;20.80;0
1325;0;"1001";11;"9";"";"";"MAXINUTRI";"XML";"COMPLEXO B 100% IDR - 60 CAPS - CAIXA 12 UND";"UND";10.59;15.88;0
1326;0;"1001";11;"9";"";"";"MAXINUTRI";"XML";"METILFOLATO (FOLIDEX) 420MCG 30 CAP";"UND";11.46;17.19;0
1327;0;"1001";11;"9";"";"";"MAXINUTRI";"XML";"METILFOLATO (FOLIDEX) 420MCG + 60 CAP";"UND";16.79;25.18;0
1328;0;"1001";11;"9";"";"";"MAXINUTRI";"XML";"CROMO (PICOLINATO DE CROMO) - 60 CAPS - CAIXA 12 U";"UND";11.61;17.41;0
1329;0;"9999";11;"9";"";"";"MAXINUTRI";"XML";"NATULAX PSYLLIUM 176G - LARANJA - CAIXA 12 UND";"UND";34.31;51.46;0
1330;0;"1001";11;"9";"";"";"MAXINUTRI";"XML";"OLEO DE PRIMULA 500MG - 60 CAPS - CAIXA 12 UND";"UND";17.23;25.84;0
1331;0;"1001";11;"9";"";"";"MAXINUTRI";"XML";"PROSTALINE - 60 CAPS 1000MG - CAIXA 12 UND";"UND";32.05;48.07;0
1332;0;"1001";11;"9";"";"";"MAXINUTRI";"XML";"MACA POWER (MACA EM PO + VIT. E MIN.) - 100G - CAI";"UND";23.00;34.50;0
1333;0;"1001";11;"9";"";"";"MAXINUTRI";"XML";"MACA ULTRA (100% MACA PERUANA EM PO) - 100G - CAIX";"UND";23.00;34.50;0
1334;0;"1001";11;"9";"";"";"MAXINUTRI";"XML";"DIET WEEK SHAKE - MOUSSE DE CHOCOLATE 360G - CAIXA";"UND";15.26;22.89;0
1335;0;"1001";11;"9";"";"";"MAXINUTRI";"XML";"DIET WEEK SHAKE - MORANGO E AMORA 360G - CAIXA 12";"UND";15.26;22.89;0
1336;0;"1001";11;"9";"";"";"MAXINUTRI";"XML";"DIET WEEK SHAKE - BAUNILHA 360G - CAIXA 12 UND";"UND";15.26;22.89;0
1337;0;"1001";11;"9";"";"";"MAXINUTRI";"XML";"OMEGA TRIPLO 3/6/9 - (PEIXE/LINH/BORRAGEM) - 60 CA";"UND";26.11;39.16;0
1338;0;"1001";11;"9";"";"";"MAXINUTRI";"XML";"CONDRIGEN (COLAGENO TIPO II) - 30 CAPS - CAIXA 12";"UND";21;31.50;0
1339;0;"1001";11;"9";"";"";"MAXINUTRI";"XML";"NUTRICAPS HAIR - 60 CAPS - CAIXA 12 UND";"UND";15.12;22.68;0
1340;0;"1001";11;"9";"";"";"MAXINUTRI";"XML";"CONDRIGEN ARTRO - COLAGENO TIPO I E II SACHE FRUTA";"UND";59.50;89.25;0
1341;0;"1001";11;"9";"";"";"MAXINUTRI";"XML";"CONDRIGEN ULTRA (COLAGENO UC-II + MDK) - 30 CAPS -";"UND";25.90;38.85;0
1342;0;"9999";11;"9";"";"";"MAXINUTRI";"XML";"MELATONINA + CAMOMILA (ACALENTUS) GOTAS 15ML - CAI";"UND";10.99;16.48;0
1343;0;"1001";11;"9";"";"";"MAXINUTRI";"XML";"DIMAG MDK - DI-MALATO DE MAGNESIO 400MG - 60 CAPS";"UND";19.25;28.87;0
1344;0;"1001";11;"9";"";"";"MAXINUTRI";"XML";"OMEGA GLA TRIPLO 3-6-9 - 60 CAPS - CAIXA 12 UND";"UND";28.46;42.69;0
