FLOJA;IDPEDIDO;SI_CAIXA;SI_NUMFECH;FVALDEV;FDESCONTO;FSUBSIDIO;FCOMISSAO;FVALLOCA;FGDEV;FCODOP;FG_FAT;FTV;FTIPOVEN;FTIPODIG;COD_MOD;FVALES;FVALCH;FVALCT;FVALCV;FVALCA;FCARTAO
1;"L1V20080";1;1;0;0;0;0;0;"V";"5.102";"C";"S";"5";"S";"NS";0;0;0;0;7873;0
1;"L1P20079";1;1;0;0;0;0;0;"V";"5.102";"S";"S";"5";"M";"55";0;0;0;0;2228.41;1
1;"L1V20081";1;1;0;0;0;0;0;"V";"5.102";"S";"S";"5";"V";"55";0;0;0;0;238.60;1
1;"L1V20086";1;1;0;0;0;0;0;"V";"5.102";"S";"S";"5";"V";"55";0;0;0;0;453.40;1
1;"L1P20083";1;1;0;0;0;0;0;"V";"5.102";"S";"";"5";"M";"55";0;0;0;0;595.90;1
1;"L1V20092";1;1;0;0;0;0;0;"V";"5.102";"S";"S";"5";"V";"55";0;0;0;0;906.70;1
1;"L1V20087";1;1;0;0;0;0;0;"V";"5.102";"S";"S";"5";"V";"55";0;0;0;0;728.78;1
1;"L1V19765";1;1;0;0;0;0;0;"V";"5.102";"S";"S";"5";"V";"55";0;0;389.40;0;0;1
1;"L1P20085";1;1;0;0;0;0;0;"V";"5.102";"S";"S";"5";"V";"55";0;0;0;0;475.50;1
1;"L1P20089";1;1;0;0;0;0;0;"V";"5.102";"S";"S";"5";"V";"55";0;0;0;0;2039;1
1;"L1V20084";1;1;0;0;0;0;0;"V";"5.102";"S";"S";"5";"V";"55";0;0;0;0;937.37;1
1;"L1V20093";1;1;0;0;0;0;0;"V";"5.102";"S";"S";"5";"V";"55";0;0;0;0;104.30;1
1;"L1P20095";1;1;0;0;0;0;0;"V";"6.102";"S";"S";"5";"M";"55";9.69;0;0;0;176.85;1
1;"L1P20094";1;1;0;0;0;0;0;"V";"5.102";"S";"S";"5";"M";"55";0;0;198.60;0;0;1
1;"L1V20098";1;1;0;0;0;0;0;"V";"5.102";"S";"S";"5";"V";"55";0;0;0;0;279.27;1
1;"L1P20099";1;1;0;0.00;0;0;0;"V";"5.102";"S";"S";"5";"M";"55";0;0;2853.54;0;0;1
1;"L1P20081";1;1;0;0;0;0;0;"V";"5.102";"S";"S";"5";"M";"55";0;0;0;0;414.06;1
1;"L1P20101";1;1;0;0;0;0;0;"V";"5.102";"S";"S";"5";"M";"55";0;0;0;0;320.30;1
1;"L1V20107";1;1;0;0;0;0;0;"V";"5.102";"S";"S";"5";"V";"55";0;0;447.04;0;0;1
1;"L1V20104";1;1;0;0;0;0;0;"V";"5.102";"S";"S";"5";"V";"55";0;0;0;0;299.66;1
1;"L1P20108";1;1;0;0;0;0;0;"V";"6.102";"S";"S";"5";"M";"55";0;0;4078.50;0;0;1
1;"L1V20109";1;1;0;0;0;0;0;"V";"5.102";"S";"S";"5";"V";"55";0;0;0;0;271.20;1
1;"L1V20105";1;1;0;0;0;0;0;"V";"5.102";"S";"S";"5";"V";"55";0;0;0;0;461.48;1
1;"L1P20100";1;1;0;47.00;0;0;0;"V";"5.102";"S";"";"5";"M";"55";0;0;79.74;0;0;1
1;"L1V20112";1;1;0;0;0;0;0;"V";"5.102";"S";"S";"5";"V";"55";0;0;0;0;336.78;1
1;"L1V20111";1;1;0;0;0;0;0;"V";"5.102";"S";"S";"5";"V";"55";0;0;0;0;225.02;1
1;"L1V20062";1;1;0;0;0;0;0;"V";"5.102";"S";"S";"5";"V";"55";0;0;847.20;0;0;1
1;"L1V20115";1;1;0;0;0;0;0;"V";"5.102";"S";"S";"5";"V";"55";0;0;0;0;413;1
1;"L1V20114";1;1;0;0;0;0;0;"V";"5.102";"S";"S";"5";"V";"55";0;0;0;0;97.26;1
1;"L1V20113";1;1;0;0;0;0;0;"V";"5.102";"S";"S";"5";"V";"55";0;0;0;0;155.88;1
1;"L1V20117";1;1;0;0;0;0;0;"V";"5.102";"S";"S";"5";"V";"55";0;0;0;0;190.36;1
1;"L1V20122";1;1;0;0;0;0;0;"V";"5.102";"S";"S";"5";"V";"55";0;0;0;0;288.96;1
1;"L1V20119";1;1;0;0;0;0;0;"V";"5.102";"S";"S";"5";"V";"55";0;0;0;0;377.96;1
1;"L1P20118";1;1;0;0;0;0;0;"V";"5.102";"S";"";"5";"M";"55";0;0;0;0;707.54;1
1;"L1V20121";1;1;0;0;0;0;0;"V";"5.102";"S";"S";"5";"V";"55";0;0;0;0;1072.10;1
1;"L1V20120";1;1;0;0;0;0;0;"V";"5.102";"S";"S";"5";"V";"55";0;0;0;0;458.91;1
1;"L1V20125";1;1;0;0;0;0;0;"V";"5.102";"S";"S";"5";"V";"55";0;0;0;0;265.93;1
1;"L1P20126";1;1;0;0;0;0;0;"V";"5.102";"S";"S";"5";"M";"55";0;0;0;0;329;1
1;"L1V20078";1;1;0;0;0;0;0;"V";"5.102";"S";"S";"5";"V";"55";0;0;0;0;912.26;1
1;"L1P20129";1;1;0;0;0;0;0;"V";"5.102";"S";"S";"5";"V";"55";0;0;269.61;0;0;1
1;"L1P20130";1;1;0;0;0;0;0;"V";"5.102";"S";"S";"5";"V";"55";0;0;0;0;1229.04;1
1;"L1V20131";1;1;0;0;0;0;0;"V";"5.102";"S";"S";"5";"V";"55";0;0;0;0;254.35;1
1;"L1V20128";1;1;0;0;0;0;0;"V";"5.102";"S";"S";"5";"V";"55";0;0;0;0;889.72;1
1;"L1V19812";1;1;0;0;0;0;0;"V";"5.102";"S";"S";"5";"V";"55";0;0;0;0;777.24;1
1;"L1P20040";1;1;0;421.75;0;0;0;"V";"6.102";"S";"S";"5";"M";"55";0;0;0;0;6732.45;1
1;"L1P20124";1;1;0;0;0;0;0;"V";"5.102";"S";"";"5";"M";"55";0;0;758.88;0;0;1
1;"L1P20138";1;1;0;0;0;0;0;"V";"5.102";"S";"";"5";"M";"55";0;0;74.90;0;0;1
1;"L1V20134";1;1;0;0;0;0;0;"V";"5.102";"S";"S";"5";"V";"55";0;0;0;0;563.68;1
1;"L1P20139";1;1;0;0;0;0;0;"V";"5.102";"S";"S";"5";"M";"55";0;0;0;0;253.10;1
1;"L1V20141";1;1;0;0;0;0;0;"V";"5.102";"S";"S";"5";"V";"55";0;0;0;0;676.30;1
1;"L1V20133";1;1;0;0;0;0;0;"V";"5.102";"S";"S";"5";"V";"55";0;0;0;0;330.30;1
1;"L1P20137";1;1;0;0;0;0;0;"V";"5.102";"S";"S";"5";"M";"55";0;0;0;0;1055.80;1
1;"L1P20145";1;1;0;0;0;0;0;"V";"5.102";"S";"S";"5";"M";"55";0;0;359.60;0;0;1
1;"L1V20147";1;1;0;0;0;0;0;"V";"5.102";"S";"S";"5";"V";"55";0;0;0;0;198.20;1
1;"L1P20148";1;1;0;0;0;0;0;"V";"5.102";"S";"S";"5";"M";"55";0;0;0;0;395.40;1
1;"L1P20143";1;1;0;80.92;0;0;0;"V";"6.102";"S";"S";"5";"M";"55";0;0;0;0;1317.68;1
1;"L1V20146";1;1;0;0;0;0;0;"V";"5.102";"S";"S";"5";"V";"55";0;0;327.50;0;0;1
1;"L1P20149";1;1;0;0;0;0;0;"V";"5.102";"S";"S";"5";"M";"55";0;0;461.30;0;0;1
1;"L1P20153";1;1;0;0;0;0;0;"V";"5.102";"S";"S";"5";"M";"55";0;0;0;0;578.92;1
1;"L1P20151";1;1;0;0;0;0;0;"V";"5.102";"S";"S";"5";"M";"55";0;0;0;0;422.50;1
1;"L1V20159";1;1;0;0;0;0;0;"V";"5.102";"S";"S";"5";"V";"55";0;0;0;0;491.20;1
1;"L1P20157";1;1;0;0;0;0;0;"V";"5.102";"S";"S";"5";"M";"55";0;0;0;0;790.27;1
1;"L1P20155";1;1;0;0;0;0;0;"V";"5.102";"S";"";"5";"M";"55";0;0;0;0;406.65;1
1;"L1P19937";1;1;0;0;0;0;0;"V";"5.102";"S";"";"5";"M";"55";0;0;0;0;369.63;1
1;"L1P20160";1;1;0;77.90;0;0;0;"V";"5.102";"S";"S";"5";"M";"55";0;0;109.09;0;0;1
1;"L1V20161";1;1;0;0;0;0;0;"V";"5.102";"S";"S";"5";"V";"55";0;0;0;0;202.35;1
1;"L1P20162";1;1;0;0;0;0;0;"V";"5.102";"S";"S";"5";"M";"55";0;0;0;0;1488.86;1
1;"L1P20166";1;1;0;0;0;0;0;"V";"5.102";"S";"S";"5";"M";"55";0;0;658.60;0;0;1
1;"L1V20165";1;1;0;0;0;0;0;"V";"5.102";"S";"S";"5";"V";"55";0;0;0;0;310.59;1
1;"L1V20167";1;1;0;0;0;0;0;"V";"5.102";"S";"S";"5";"V";"55";0;0;0;0;1014.35;1
1;"L1V20171";1;1;0;0;0;0;0;"V";"5.102";"S";"S";"5";"V";"55";0;0;0;0;684.50;1
1;"L1P20170";1;1;0;0;0;0;0;"V";"5.102";"S";"S";"5";"M";"55";0;0;0;0;388.90;1
1;"L1P20168";1;1;0;0;0;0;0;"V";"5.102";"S";"S";"5";"M";"55";0;0;1388.28;0;0;1
1;"L1P20168";1;1;0;0;0;0;0;"V";"5.102";"S";"S";"5";"M";"55";0;0;1388.28;0;0;1
1;"L1P20173";1;1;0;0;0;0;0;"V";"5.102";"S";"S";"5";"M";"55";0;0;0;0;164.20;1
1;"L1P20176";1;1;0;0;0;0;0;"V";"5.102";"S";"";"5";"M";"55";0;0;0;0;133.30;1
1;"L1V20174";1;1;0;0;0;0;0;"V";"5.102";"S";"S";"5";"V";"55";0;0;0;0;188.34;1
1;"L1P20178";1;1;0;0;0;0;0;"V";"5.102";"S";"";"5";"M";"55";0;0;0;0;376.10;1
1;"L1P20175";1;1;0;0;0;0;0;"V";"5.102";"S";"";"5";"M";"55";0;0;0;0;100.30;1
1;"L1P20187";1;1;0;0;0;0;0;"V";"5.102";"S";"S";"5";"M";"55";0;0;0;0;560.70;1
1;"L1P20180";1;1;0;0;0;0;0;"V";"5.102";"S";"S";"5";"M";"55";0;0;0;0;341;1
1;"L1P20179";1;1;0;0;0;0;0;"V";"5.102";"S";"S";"5";"M";"55";0;0;0;0;105.84;1
1;"L1P20197";1;1;0;0;0;0;0;"V";"5.102";"S";"S";"5";"M";"55";0;0;0;0;308.80;1
1;"L1P20172";1;1;0;0;0;0;0;"V";"5.102";"S";"S";"5";"M";"55";0;0;1338.70;0;0;1
1;"L1P20221";1;1;0;0;0;0;0;"V";"5.102";"S";"S";"5";"M";"55";0;0;0;0;231.40;1
1;"L1P20222";1;1;0;0;0;0;0;"V";"5.102";"S";"S";"5";"M";"55";0;0;229.90;0;0;1
1;"L1V20217";1;1;0;0;0;0;0;"V";"5.102";"S";"S";"5";"V";"55";0;0;0;0;546.90;1
1;"L1P19969";1;1;0;0;0;2.99;0;"V";"5.102";"S";"S";"5";"M";"55";0;0;1670.10;0;0;1
1;"L1V20220";1;1;0;0;0;0;0;"V";"5.102";"S";"S";"5";"V";"55";0;0;0;0;382.70;1
1;"L1P20223";1;1;0;86.72;0;0;0;"V";"6.102";"S";"S";"5";"V";"55";0;0;0;0;1433.67;1
1;"L1P20200";1;1;0;0;0;0;0;"V";"5.102";"S";"S";"5";"M";"55";0;0;478.80;0;0;1
1;"L1P20226";1;1;0;0;0;0;0;"V";"5.102";"S";"S";"5";"V";"55";0;0;0;0;618.74;1
1;"L1P20219";1;1;0;86.51;0;0;0;"V";"6.102";"S";"S";"5";"M";"55";0;0;0;0;1455.29;1
1;"L1V20218";1;1;0;0.00;0;0;0;"V";"5.102";"S";"S";"5";"V";"55";0;0;771.25;0;0;1
1;"L1V20227";1;1;0;0;0;0;0;"V";"5.102";"S";"S";"5";"V";"55";0;0;0;0;265.10;1
1;"L1P20238";1;1;0;0;0;0;0;"V";"5.102";"S";"S";"5";"M";"55";0;0;185.55;0;0;1
1;"L1P20232";1;1;0;0;0;0;0;"V";"5.102";"S";"S";"5";"V";"55";0;0;0;0;450.21;1
1;"L1P20228";1;1;0;0;0;0;0;"V";"5.102";"S";"S";"5";"M";"55";0;0;0;0;326;1
1;"L1P20242";1;1;0;0;0;0;0;"V";"5.102";"S";"S";"5";"M";"55";0;0;0;0;456.42;1
1;"L1V20229";1;1;0;0;0;0;0;"V";"5.102";"S";"S";"5";"V";"55";0;0;0;0;1930.30;1
1;"L1P20198";1;1;0;0;0;0;0;"V";"5.102";"S";"S";"5";"O";"55";0;0;0;0;2064.93;1
1;"L1V20210";1;1;0;0;0;0;0;"V";"5.102";"C";"S";"5";"V";"55";0;0;0;0;368.13;1
1;"L1V20201";1;1;0;0;0;0;0;"V";"5.102";"S";"S";"5";"V";"55";0;0;0;0;125.16;1
1;"L1V20212";1;1;0;0;0;0;0;"V";"5.102";"S";"S";"5";"V";"55";0;0;0;0;277.59;1
1;"L1V20240";1;1;0;0;0;0;0;"V";"5.102";"S";"S";"5";"V";"55";0;0;0;0;1647.16;1
1;"L1V20202";1;1;0;0;0;0;0;"V";"5.102";"S";"S";"5";"V";"55";0;0;0;0;77.19;1
1;"L1P20247";1;1;0;0;0;0;0;"V";"5.102";"S";"";"5";"M";"55";0;0;0;0;463.14;1
1;"L1V20206";1;1;0;0;0;0;0;"V";"5.102";"S";"S";"5";"V";"55";0;0;0;0;322.68;1
1;"L1P20231";1;1;0;0;0;0;0;"V";"5.102";"S";"S";"5";"V";"55";0;0;0;0;411.99;1
1;"L1P20224";1;1;0;0;0;0;0;"V";"5.102";"S";"S";"5";"V";"55";0;0;1053.74;0;0;1
1;"L1P20207";1;1;0;0;0;0;0;"V";"5.102";"C";"S";"5";"V";"55";0;0;0;0;2112.66;1
1;"L1P20233";1;1;0;0;0;0;0;"V";"5.102";"S";"S";"5";"M";"55";0;0;0;0;253.32;1
1;"L1V20230";1;1;0;0;0;0;0;"V";"5.102";"S";"S";"5";"V";"55";0;0;0;0;563.40;1
1;"L1V20255";1;1;0;0;0;0;0;"V";"5.102";"S";"S";"5";"S";"NS";0;0;504.20;0;0;1
1;"L1P20237";1;1;0;0;0;0;0;"V";"5.102";"S";"S";"5";"M";"55";0;0;0;0;600.93;1
1;"L1P20258";1;1;0;20.33;0;0;0;"V";"6.102";"S";"S";"5";"V";"55";0;0;0;0;368.57;1
1;"L1V20257";1;1;0;0;0;0;0;"V";"5.102";"S";"S";"5";"V";"55";0;0;0;0;383.94;1
1;"L1V20263";1;1;0;0;0;0;0;"V";"5.102";"S";"S";"5";"V";"55";0;0;0;0;214.40;1
1;"L1V20260";1;1;0;0;0;0;0;"V";"5.102";"S";"S";"5";"V";"55";0;0;0;0;1076.50;1
1;"L1V20264";1;1;0;0;0;0;0;"V";"5.102";"S";"S";"5";"V";"55";0;0;0;0;198.33;1
1;"L1P20213";1;1;0;0;0;0;0;"V";"5.102";"S";"S";"5";"V";"55";0;0;0;0;173.34;1
1;"L1P20259";1;1;0;0;0;0;0;"V";"5.102";"C";"S";"3";"M";"55";0;0;251.40;0;0;1
1;"L1P20259";1;1;0;0;0;0;0;"V";"5.102";"S";"S";"5";"M";"55";0;0;0;0;252.90;1
1;"L1V20262";1;1;0;0;0;0;0;"V";"5.102";"S";"S";"5";"V";"55";0;0;0;0;98.16;1
1;"L1P20249";1;1;0;0;0;0;0;"V";"5.102";"S";"S";"5";"M";"55";0;0;0;0;531.32;1
1;"L1P20267";1;1;0;0;0;0;0;"V";"5.102";"S";"";"5";"M";"55";0;0;119.57;0;0;1
1;"L1V20097";1;1;0;0;0;0;0;"V";"5.102";"S";"S";"5";"V";"55";0;0;0;0;904.80;1
1;"L1P20262";1;1;0;0;0;0;0;"V";"5.102";"S";"S";"5";"M";"55";0;0;0;0;1033.01;1
1;"L1P20272";1;1;0;0;0;0;0;"V";"5.102";"S";"S";"5";"M";"55";0;0;0;0;268.10;1
1;"L1V20271";1;1;0;0;0;0;0;"V";"5.102";"S";"S";"5";"V";"55";0;0;0;0;2442.50;1
1;"L1V20270";1;1;0;0;0;0;0;"V";"5.102";"S";"S";"5";"V";"55";0;0;0;0;1790.95;1
1;"L1V20273";1;1;0;0;0;0;0;"V";"5.102";"S";"S";"5";"V";"55";0;0;0;0;319.45;1
1;"L1V20279";1;1;0;0;0;0;0;"V";"5.102";"S";"S";"5";"V";"55";0;0;0;0;1338.94;1
1;"L1V20275";1;1;0;0;0;0;0;"V";"5.102";"S";"S";"5";"V";"55";0;0;0;0;828.40;1
1;"L1P20164";1;1;0;0.00;0;0;0;"V";"5.102";"S";"S";"5";"M";"55";0;0;219.70;0;0;1
1;"L1V20277";1;1;0;0;0;0;0;"V";"5.102";"S";"S";"5";"V";"55";0;0;0;0;305.55;1
1;"L1P20278";1;1;0;0;0;0;0;"V";"5.102";"S";"S";"5";"M";"55";0;0;0;0;560.50;1
1;"L1P20241";1;1;0;42.49;0;2.70;0;"V";"5.102";"S";"S";"5";"V";"55";0;0;1373.68;0;0;1
1;"L1P20287";1;1;0;73.44;0;0;0;"V";"6.102";"S";"";"5";"M";"55";0;0;0;0;1225.56;1
1;"L1P20283";1;1;0;0;0;0;0;"V";"5.102";"S";"S";"5";"M";"55";0;0;0;0;257;1
1;"L1P20288";1;1;0;0;0;0;0;"V";"5.102";"S";"S";"5";"V";"55";0;0;199.80;0;0;1
1;"L1P20284";1;1;0;30.04;0;0;0;"V";"6.102";"S";"S";"5";"M";"55";0;0;0;0;520.63;1
1;"L1V20285";1;1;0;0;0;0;0;"V";"5.102";"S";"S";"5";"V";"55";0;0;0;0;1320.04;1
1;"L1V20281";1;1;0;0;0;0;0;"V";"5.102";"S";"S";"5";"V";"55";0;0;0;0;174.72;1
1;"L1P20199";1;1;0;0;0;0;0;"V";"5.102";"S";"S";"5";"M";"55";0;0;983.45;0;0;1
1;"L1P20293";1;1;0;0;0;0;0;"E";"1.102";"S";"";"1";"M";"55";2108.16;0;0;0;0;0
1;"L1P20295";1;1;0;0;0;0;0;"E";"1.102";"S";"";"1";"M";"55";368.13;0;0;0;0;0
1;"L1V20290";1;1;0;0;0;0;0;"V";"5.102";"S";"S";"5";"V";"55";0;0;0;0;191.10;1
1;"L1P20298";1;1;0;0;0;0;0;"V";"5.102";"S";"S";"5";"M";"55";0;0;68.90;0;0;1
1;"L1P20144";1;1;0;70.74;0;0;0;"V";"6.102";"S";"";"5";"M";"55";0;0;0;0;1183.26;1
1;"L1P20116";1;1;0;0;0;0;0;"V";"5.102";"S";"S";"5";"M";"55";0;0;357.40;0;0;0
1;"L1V20292";1;1;0;0;0;0;0;"V";"5.102";"S";"S";"5";"V";"55";0;0;0;0;300.73;1
1;"L1V20294";1;1;0;0;0;0;0;"V";"5.102";"S";"S";"5";"V";"55";0;0;0;0;73.10;1
1;"L1P20289";1;1;0;0;0;0;0;"V";"5.102";"S";"S";"5";"M";"55";0;0;0;0;5698.80;1
1;"L1P20302";1;1;0;0.00;0;0;0;"V";"5.102";"S";"S";"5";"M";"55";0;0;239.70;0;0;1
1;"L1P20234";1;1;0;178.39;0;0;0;"";"6.102";"S";"";"5";"O";"55";0;0;0;0;2894.79;1
1;"L1P20305";1;1;0;0;0;0;0;"V";"5.102";"S";"S";"5";"M";"55";0;0;0;0;300.50;1
1;"L1P20306";1;1;0;0;0;0;0;"V";"5.102";"S";"S";"5";"M";"55";0;0;83.80;0;0;1
1;"L1P20309";1;1;0;0;0;0;0;"V";"5.102";"S";"S";"5";"M";"55";0;0;0;0;206.20;1
1;"L1V20310";1;1;0;0;0;0;0;"V";"5.102";"S";"S";"5";"V";"55";0;0;0;0;185.97;1
1;"L1V20303";1;1;0;0;0;0;0;"V";"5.102";"S";"S";"5";"V";"55";0;0;0;0;1347.72;1
1;"L1V20314";1;1;0;0;0;0;0;"V";"5.102";"S";"S";"5";"V";"55";0;0;0;0;181.30;1
1;"L1P20304";1;1;0;0;0;0;0;"V";"5.102";"S";"S";"5";"V";"55";0;0;0;0;1477.56;1
1;"L1P20318";1;1;0;0;0;0;0;"V";"5.102";"S";"S";"5";"M";"55";0;0;33.22;0;0;1
1;"L1P20308";1;1;0;0;0;0;0;"V";"5.102";"S";"S";"5";"M";"55";0;0;0;0;1257.02;1
1;"L1V20307";1;1;0;0;0;0;0;"V";"5.102";"S";"S";"5";"V";"55";0;0;0;0;1539.26;1
1;"L1P20316";1;1;0;0;0;0;0;"V";"5.102";"S";"S";"5";"M";"55";0;0;0;0;729.02;1
1;"L1V20319";1;1;0;0;0;0;0;"V";"5.102";"S";"S";"5";"V";"55";0;0;0;0;918.33;1
1;"L1P20317";1;1;0;0;0;0;0;"V";"5.405";"S";"S";"5";"M";"55";0;0;0;0;477;1
1;"L1P20313";1;1;0;0;0;0;0;"V";"5.102";"S";"S";"5";"V";"55";0;0;0;0;110.25;1
1;"L1P20311";1;1;0;0;0;0;0;"V";"5.102";"S";"S";"5";"V";"55";0;0;0;0;294.40;1
1;"L1P20312";1;1;0;0;0;0;0;"V";"5.102";"S";"";"5";"M";"55";0;0;0;0;702.50;1
1;"L1P20324";1;1;0;0;0;0;0;"V";"5.102";"S";"S";"5";"M";"55";0;0;0;0;10427.18;1
1;"L1P20326";1;1;0;0;0;0;0;"V";"5.102";"S";"S";"5";"M";"55";0;0;0;0;507.30;1
1;"L1V20325";1;1;0;0;0;0;0;"V";"5.102";"S";"S";"5";"V";"55";0;0;0;0;459.66;1
1;"L1V20334";1;1;0;0;0;0;0;"V";"5.102";"S";"S";"5";"V";"55";0;0;0;0;752.40;1
1;"L1V20333";1;1;0;0;0;0;0;"V";"5.102";"S";"S";"5";"V";"55";0;0;0;0;752.40;1
1;"L1P20335";1;1;0;0;0;0;0;"V";"5.102";"S";"S";"5";"M";"55";0;0;0;0;823.83;1
1;"L1P20338";1;1;0;30.09;0;0;0;"V";"6.102";"S";"S";"5";"V";"55";0;0;0;0;521.41;1
1;"L1V20337";1;1;0;0;0;0;0;"V";"5.102";"S";"S";"5";"V";"55";0;0;0;0;286.35;1
1;"L1V20340";1;1;0;0;0;0;0;"V";"5.102";"S";"S";"5";"V";"55";0;0;0;0;175.92;1
1;"L1P20342";1;1;0;0;0;0;0;"V";"5.102";"S";"";"5";"M";"55";0;0;0;0;349.40;1
1;"L1V20343";1;1;0;0;0;0;0;"V";"5.102";"S";"S";"5";"V";"55";0;0;0;0;518.40;1
1;"L1V20345";1;1;0;0;0;0;0;"V";"5.102";"S";"S";"5";"V";"55";0;0;0;0;901.80;1
1;"L1V20344";1;1;0;0;0;0;0;"V";"5.102";"S";"S";"5";"V";"55";0;0;0;0;542.20;1
1;"L1V20348";1;1;0;0;0;0;0;"V";"5.102";"S";"S";"5";"V";"55";0;0;0;0;416.74;1
1;"L1P20341";1;1;0;0;0;0;0;"V";"5.102";"S";"S";"5";"M";"55";0;0;0;0;175.04;1
1;"L1V20356";1;1;0;0;0;0;0;"V";"5.102";"S";"S";"5";"V";"55";0;0;0;0;354.05;1
1;"L1P20359";1;1;0;0.00;0;0;0;"V";"5.102";"S";"S";"5";"M";"55";0;0;1468;0;0;1
1;"L1V20352";1;1;0;0;0;0;0;"V";"5.102";"S";"S";"5";"V";"55";0;0;0;0;2366.10;1
1;"L1P20349";1;1;0;0;0;0;0;"V";"5.102";"S";"S";"5";"V";"55";0;0;0;0;5103.80;1
1;"L1P20360";1;1;0;0;0;0;0;"V";"5.102";"S";"S";"5";"V";"55";0;0;0;0;351.60;1
1;"L1V20358";1;1;0;0;0;0;0;"V";"5.102";"S";"S";"5";"V";"55";0;0;0;0;2970.21;1
1;"L1P20362";1;1;0;0;0;0;0;"V";"5.102";"S";"S";"5";"M";"55";0;0;0;0;328.70;1
1;"L1V20366";1;1;0;0;0;0;0;"V";"5.102";"S";"S";"5";"V";"55";0;0;0;0;132.70;1
1;"L1P20370";1;1;0;0;0;0;0;"V";"5.910";"S";"S";"1";"M";"55";299.60;0;0;0;0;0
1;"L1P20357";1;1;0;0.00;0;0;0;"V";"5.102";"S";"S";"5";"M";"55";0;0;196.70;0;0;1
1;"L1V20367";1;1;0;0;0;0;0;"V";"5.102";"S";"S";"5";"V";"55";0;0;0;0;238.41;1
1;"L1V20365";1;1;0;0;0;0;0;"V";"5.102";"S";"S";"5";"V";"55";0;0;0;0;832.74;1
1;"L1P20368";1;1;0;0;0;0;0;"V";"5.102";"S";"S";"5";"V";"55";0;0;0;0;2951.30;1
1;"L1V20372";1;1;0;0;0;0;0;"V";"5.102";"S";"S";"5";"V";"55";0;0;0;0;609.10;1
1;"L1V20346";1;1;0;0;0;0;0;"V";"5.102";"S";"S";"3";"V";"55";0;0;1645.40;0;0;1
1;"L1V0";0;0;0;0;0;0;0;"";"";"";"";"";"";"";0;0;0;0;0;0
1;"L1P20351";1;1;0;0;0;0;0;"V";"5.102";"S";"";"5";"M";"55";0;0;148.48;0;0;1
1;"L1V20377";1;1;0;0;0;0;0;"V";"5.102";"S";"S";"5";"V";"55";0;0;0;0;1800;1
1;"L1P20378";1;1;0;0;0;0;0;"D";"6.202";"S";"";"1";"M";"55";200;0;0;0;0;0
1;"L1P20380";1;1;0;0;0;0;0;"D";"6.202";"S";"";"1";"M";"55";5477.40;0;0;0;0;0
1;"L1P20383";1;1;0;16.78;0;0;0;"V";"5.102";"S";"S";"5";"M";"55";0;0;150.98;0;0;1
1;"L1V20379";1;1;0;0;0;0;0;"V";"5.102";"S";"S";"5";"V";"55";0;0;0;0;563;1
1;"L1P20374";1;1;0;0;0;0;0;"V";"5.102";"S";"S";"5";"V";"55";0;0;0;0;309.21;1
1;"L1V20336";1;1;0;0;0;0;0;"V";"5.102";"S";"S";"5";"V";"55";0;0;0;0;959.50;1
1;"L1V20331";1;1;0;0;0;0;0;"V";"5.102";"S";"S";"5";"V";"55";0;0;0;0;396.90;1
1;"L1V20332";1;1;0;0;0;0;0;"V";"5.102";"S";"S";"5";"V";"55";0;0;0;0;396.90;1
1;"L1V20386";1;1;0;0;0;0;0;"V";"5.102";"S";"S";"5";"V";"55";0;0;0;0;1211.19;1
1;"L1V20385";1;1;0;0;0;0;0;"V";"5.102";"S";"S";"5";"V";"55";0;0;0;0;628.50;1
1;"L1P20390";1;1;0;0;0;0;0;"V";"5.102";"S";"S";"5";"M";"55";0;0;0;0;1503.30;1
1;"L1V20389";1;1;0;0;0;0;0;"V";"5.102";"S";"S";"5";"V";"55";0;0;0;0;428.07;1
1;"L1P20396";1;1;0;0;0;0;0;"V";"5.102";"S";"S";"5";"V";"55";0;0;0;0;385.58;1
1;"L1V20392";1;1;0;0;0;0;0;"V";"5.102";"S";"S";"5";"V";"55";0;0;0;0;1324.20;1
1;"L1P20382";1;1;0;0;0;0;0;"V";"5.102";"S";"S";"5";"V";"55";0;0;0;0;579.03;1
1;"L1V20387";1;1;0;0;0;0;0;"V";"5.102";"S";"S";"5";"V";"55";0;0;0;0;390.85;1
1;"L1P20384";1;1;0;0;0;0;0;"V";"5.102";"S";"S";"5";"M";"55";0;0;527.40;0;0;1
1;"L1V20395";1;1;0;0;0;0;0;"V";"5.102";"S";"S";"5";"V";"55";0;0;0;0;550.66;1
1;"L1V20388";1;1;0;0;0;0;0;"V";"5.102";"S";"S";"5";"V";"55";0;0;0;0;590.30;1
1;"L1V20330";1;1;0;0;0;0;0;"V";"5.102";"S";"S";"5";"V";"55";0;0;0;0;398.40;1
1;"L1V20339";1;1;0;0;0;0;0;"V";"5.102";"S";"S";"5";"V";"55";0;0;0;0;1439.10;1
1;"L1V20329";1;1;0;0;0;0;0;"V";"5.102";"S";"S";"5";"V";"55";0;0;0;0;398.40;1
1;"L1P20327";1;1;0;0;0;0;0;"V";"5.102";"S";"S";"1";"S";"NS";3594;0;0;0;0;1
1;"L1V20328";1;1;0;0;0;0;0;"V";"5.102";"S";"S";"5";"V";"55";0;0;0;0;1445.10;1
1;"L1V20381";1;1;0;0;0;0;0;"V";"5.102";"S";"S";"5";"V";"55";0;0;0;0;1395.90;1
1;"L1P20350";1;1;0;0;0;0;0;"V";"5.102";"S";"S";"5";"V";"55";0;0;0;0;406.50;1
1;"L1V20402";1;1;0;0;0;0;0;"V";"5.102";"S";"S";"5";"V";"55";0;0;0;0;1445.10;1
1;"L1V20376";1;1;0;0;0;0;0;"V";"5.102";"S";"S";"5";"V";"55";0;0;0;0;1444.26;1
1;"L1V20393";1;1;0;0;0;0;0;"V";"5.102";"S";"S";"5";"V";"55";0;0;0;0;3150.60;1
1;"L1V20398";1;1;0;0;0;0;0;"V";"5.102";"S";"S";"5";"V";"55";0;0;0;0;1444.26;1
1;"L1V20399";1;1;0;0;0;0;0;"V";"5.102";"S";"S";"5";"V";"55";0;0;0;0;3510.60;1
1;"L1V20400";1;1;0;0;0;0;0;"V";"5.102";"S";"S";"5";"V";"55";0;0;0;0;482.98;1
1;"L1V20403";1;1;0;0;0;0;0;"V";"5.102";"S";"S";"5";"V";"55";0;0;0;0;217.87;1
1;"L1P20405";1;1;0;0;0;0;0;"V";"5.102";"S";"S";"5";"M";"55";0;0;89.90;0;0;1
1;"L1V20401";1;1;0;0;0;0;0;"V";"5.102";"S";"S";"5";"V";"55";0;0;0;0;428.16;1
1;"L1V20406";1;1;0;0;0;0;0;"V";"5.102";"S";"S";"5";"V";"55";0;0;0;0;177.80;1
1;"L1P20408";1;1;0;0;0;0;0;"V";"5.102";"S";"S";"5";"V";"55";0;0;0;0;3871.44;1
1;"L1V20413";1;1;0;0;0;0;0;"V";"5.102";"S";"S";"5";"V";"55";0;0;0;0;135.30;1
1;"L1V20411";1;1;0;0;0;0;0;"V";"5.102";"S";"S";"5";"V";"55";0;0;0;0;458.80;1
1;"L1V20414";1;1;0;0;0;0;0;"V";"5.102";"S";"S";"5";"V";"55";0;0;0;0;1395.95;1
1;"L1V20415";1;1;0;0;0;0;0;"V";"5.102";"S";"S";"5";"V";"55";0;0;0;0;170.43;1
1;"L1V20416";1;1;0;0;0;0;0;"V";"5.102";"S";"S";"5";"V";"55";0;0;0;0;480.90;1
1;"L1V20412";1;1;0;0;0;0;0;"V";"5.102";"S";"S";"5";"V";"55";0;0;0;0;392.40;1
1;"L1V20421";1;1;0;0;0;0;0;"V";"5.102";"S";"S";"5";"V";"55";0;0;0;0;571.63;1
1;"L1V20417";1;1;0;0;0;0;0;"V";"5.102";"S";"S";"5";"V";"55";0;0;0;0;830.50;1
1;"L1V20420";1;1;0;0;0;0;0;"V";"5.102";"S";"S";"5";"V";"55";0;0;0;0;863.75;1
1;"L1P20418";1;1;0;0;0;0;0;"V";"5.102";"S";"S";"5";"M";"55";0;0;0;0;887.30;1
1;"L1V20422";1;1;0;0;0;0;0;"V";"5.102";"S";"S";"5";"V";"55";0;0;0;0;105.04;1
1;"L1V20423";1;1;0;0;0;0;0;"V";"5.102";"S";"S";"5";"V";"55";0;0;0;0;293.10;1
1;"L1P20428";1;1;0;0;0;0;0;"V";"5.102";"S";"S";"5";"M";"55";0;0;239.40;0;0;1
1;"L1P20432";1;1;0;0;0;0;0;"V";"5.102";"S";"";"5";"M";"55";0;0;0;0;551;1
1;"L1V20436";1;1;0;0;0;0;0;"V";"5.102";"S";"S";"5";"V";"55";0;0;0;0;391.44;1
1;"L1V20410";1;1;0;0;0;0;0;"V";"5.102";"S";"S";"5";"V";"55";0;0;0;0;500.92;1
1;"L1V20429";1;1;0;0;0;0;0;"V";"5.102";"S";"S";"5";"V";"55";0;0;0;0;473.50;1
1;"L1V20430";1;1;0;0;0;0;0;"V";"5.102";"S";"S";"5";"V";"55";0;0;0;0;202.99;1
1;"L1V20425";1;1;0;0;0;0;0;"V";"5.102";"S";"S";"5";"V";"55";0;0;0;0;1382.88;1
1;"L1V20438";1;1;0;0;0;0;0;"V";"5.102";"S";"S";"5";"V";"55";0;0;0;0;545.54;1
1;"L1V20431";1;1;0;0;0;0;0;"V";"5.102";"S";"S";"5";"V";"55";0;0;797.40;0;0;1
1;"L1V20435";1;1;0;0;0;0;0;"V";"5.102";"S";"S";"5";"V";"55";0;0;0;0;1680.18;1
1;"L1V20426";1;1;0;0;0;0;0;"V";"5.102";"S";"S";"5";"V";"55";0;0;0;0;307.02;1
1;"L1V20434";1;1;0;0;0;0;0;"V";"5.102";"S";"S";"5";"V";"55";0;0;0;0;338.74;1
1;"L1P20427";1;1;0;0;0;0;0;"V";"5.102";"S";"S";"5";"M";"55";0;0;0;0;1405.64;1
1;"L1P20437";1;1;0;0;0;0;0;"V";"5.102";"S";"S";"5";"M";"55";0;0;0;0;400.85;1
1;"L1P20441";1;1;0;0;0;0;0;"V";"5.102";"S";"";"5";"M";"55";0;0;0;0;1024.80;1
1;"L1V20439";1;1;0;0;0;0;0;"V";"5.102";"S";"S";"5";"V";"55";0;0;0;0;661.20;1
1;"L1V20442";1;1;0;0;0;0;0;"V";"5.102";"S";"S";"5";"V";"55";0;0;400.60;0;0;1
1;"L1V20444";1;1;0;0;0;0;0;"V";"5.102";"S";"S";"5";"V";"55";0;0;0;0;273.10;1
1;"L1V20440";1;1;0;0;0;0;0;"V";"5.102";"S";"S";"5";"V";"55";0;0;0;0;24.18;1
1;"L1V20446";1;1;0;0;0;0;0;"V";"5.102";"S";"S";"5";"V";"55";0;0;0;0;433.10;1
1;"L1V20443";1;1;0;0;0;0;0;"V";"5.102";"S";"S";"5";"V";"55";0;0;0;0;425.29;1
1;"L1V20447";1;1;0;0;0;0;0;"V";"5.102";"S";"S";"5";"V";"55";0;0;0;0;702.69;1
1;"L1V20448";1;1;0;0;0;0;0;"V";"5.102";"S";"S";"5";"V";"55";0;0;0;0;528.90;1
1;"L1V20450";1;1;0;0;0;0;0;"V";"5.102";"S";"S";"5";"V";"55";0;0;0;0;386.94;1
1;"L1P20449";1;1;0;0;0;0;0;"V";"5.102";"S";"S";"5";"M";"55";0;0;0;0;7753;1
1;"L1V20451";1;1;0;0;0;0;0;"V";"5.102";"S";"S";"5";"V";"55";0;0;0;0;643.70;1
1;"L1V20452";1;1;0;0;0;0;0;"V";"5.102";"S";"S";"5";"V";"55";0;0;0;0;643.70;1
1;"L1V20455";1;1;0;0;0;0;0;"V";"5.102";"S";"S";"5";"V";"55";0;0;0;0;643.70;1
1;"L1P20407";1;1;0;0;0;0;0;"V";"5.102";"S";"S";"5";"V";"55";0;0;0;0;8183.16;1
1;"L1V20404";1;1;0;0;0;0;0;"V";"6.102";"S";"S";"5";"V";"55";0;0;1927.50;0;0;1
1;"L1V20433";1;1;0;0;0;0;0;"V";"5.102";"S";"S";"5";"V";"55";0;0;389;0;0;1
1;"L1V20453";1;1;0;0;0;0;0;"V";"5.102";"S";"S";"5";"V";"55";0;0;0;0;676.74;1
1;"L1P20459";1;1;0;0;0;0;0;"V";"5.102";"S";"S";"5";"M";"55";0;0;0;0;226.20;1
1;"L1V20462";1;1;0;0;0;0;0;"V";"5.102";"S";"S";"5";"V";"55";0;0;0;0;263.74;1
1;"L1V20456";1;1;0;0;0;0;0;"V";"5.102";"S";"S";"5";"V";"55";0;0;0;0;623.94;1
1;"L1V20457";1;1;0;0;0;0;0;"V";"5.102";"S";"S";"5";"V";"55";0;0;0;0;84.27;1
1;"L1P20461";1;1;0;128.48;0;0;0;"V";"6.102";"S";"S";"5";"M";"55";0;0;0;0;2087.86;1
1;"L1P20467";1;1;0;0;0;0;0;"V";"5.102";"S";"S";"5";"M";"55";0;0;0;0;243.10;1
1;"L1P20473";1;1;0;0;0;0;0;"V";"5.102";"S";"S";"5";"M";"55";0;0;0;0;398.40;1
1;"L1P20474";1;1;0;0;0;0;0;"V";"5.102";"S";"S";"5";"M";"55";0;0;0;0;510.16;1
1;"L1V20470";1;1;0;0;0;0;0;"V";"5.102";"S";"S";"5";"V";"55";0;0;0;0;662.30;1
1;"L1V20468";1;1;0;0;0;0;0;"V";"5.102";"S";"S";"5";"V";"55";0;0;0;0;1936.44;1
1;"L1V20472";1;1;0;0;0;0;0;"V";"5.102";"S";"S";"5";"V";"55";0;0;0;0;312.41;1
1;"L1P20465";1;1;0;0;0;0;0;"V";"5.102";"S";"S";"5";"M";"55";0;0;0;0;1615.30;1
1;"L1P20464";1;1;0;0;0;0;0;"V";"5.102";"S";"S";"5";"M";"55";0;0;0;0;273.10;1
1;"L1V20469";1;1;0;0;0;0;0;"V";"5.102";"S";"S";"5";"V";"55";0;0;0;0;1208.43;1
1;"L1P20477";1;1;0;0;0;0;0;"V";"5.102";"S";"S";"5";"M";"55";0;0;0;0;205.20;1
1;"L1P20476";1;1;0;20.72;0;0;0;"V";"6.102";"S";"S";"5";"M";"55";0;0;0;0;374.68;1
1;"L1P20471";1;1;0;0;0;0;0;"V";"5.102";"S";"S";"5";"M";"55";10.00;0;57.90;0;0;1
1;"L1V20482";1;1;0;0;0;0;0;"V";"5.102";"S";"S";"5";"V";"55";0;0;0;0;771.30;1
1;"L1V20485";1;1;0;0;0;0;0;"V";"5.102";"S";"S";"5";"V";"55";0;0;0;0;823.43;1
1;"L1V20479";1;1;0;0;0;0;0;"V";"5.102";"S";"S";"5";"V";"55";0;0;0;0;1202;1
1;"L1P20483";1;1;0;0;0;0;0;"V";"5.102";"S";"S";"5";"M";"55";0;0;0;0;1123.08;1
1;"L1P20480";1;1;0;0;0;0;0;"V";"5.102";"S";"";"5";"M";"55";0;0;48.38;0;0;1
1;"L1P20478";1;1;0;0;0;0;0;"V";"5.102";"S";"";"5";"M";"55";0;0;0;0;1321.10;1
1;"L1V20486";1;1;0;0;0;0;0;"V";"5.102";"S";"S";"5";"V";"55";0;0;0;0;171.30;1
1;"L1P20489";1;1;0;0;0;0;0;"V";"5.102";"S";"S";"5";"V";"55";0;0;0;0;569.40;1
1;"L1P20458";1;1;0;0;0;0;0;"V";"5.102";"S";"S";"5";"M";"55";0;0;1028.50;0;0;1
1;"L1P20490";1;1;0;0;0;0;0;"V";"5.102";"S";"S";"5";"M";"55";0;0;0;0;1492.50;1
1;"L1P20487";1;1;0;0;0;0;0;"V";"5.102";"S";"S";"5";"V";"55";0;0;0;0;505.80;1
1;"L1P20491";1;1;0;0;0;0;0;"V";"5.102";"S";"S";"5";"V";"55";0;0;0;0;4070.38;1
1;"L1P20501";1;1;0;0;0;0;0;"V";"5.102";"S";"S";"3";"V";"55";0;0;1748.30;0;0;2
1;"L1V20492";1;1;0;0;0;0;0;"V";"5.102";"S";"S";"5";"V";"55";0;0;0;0;5588.70;1
1;"L1P19902";1;1;0;33.00;0;0;0;"V";"6.102";"S";"";"5";"M";"55";0;0;0;0;567.04;1
1;"L1V20495";1;1;0;0;0;0;0;"V";"5.102";"S";"S";"5";"V";"55";0;0;0;0;1734.20;1
1;"L1V20498";1;1;0;0;0;0;0;"V";"5.102";"S";"S";"5";"V";"55";0;0;228.90;0;0;1
1;"L1P20496";1;1;0;0;0;0;0;"V";"5.102";"S";"S";"5";"M";"55";0;0;877.88;0;0;1
1;"L1P20503";1;1;0;0;0;0;0;"V";"5.102";"S";"S";"5";"M";"55";0;0;0;0;229.80;1
1;"L1P20507";1;1;0;0;0;0;0;"V";"5.102";"S";"S";"5";"V";"55";0;0;0;0;4999.50;1
1;"L1V20502";1;1;0;0;0;0;0;"V";"5.102";"S";"S";"5";"V";"55";0;0;0;0;603;1
1;"L1V20500";1;1;0;0;0;0;0;"V";"5.102";"S";"S";"5";"V";"55";0;0;0;0;369.04;1
1;"L1P20484";1;1;0;0;0;0;0;"V";"5.102";"S";"";"3";"M";"55";0;0;721.40;0;0;1
1;"L1P20181";1;1;0;0;0;0;0;"V";"5.102";"S";"";"3";"M";"55";0;0;249.50;0;0;1
1;"L1V20506";1;1;0;0;0;0;0;"V";"5.102";"S";"S";"5";"V";"55";0;0;0;0;1942.80;1
1;"L1V20505";1;1;0;0;0;0;0;"V";"5.102";"C";"S";"5";"V";"55";0;0;0;0;907.01;1
1;"L1P20511";1;1;0;92.96;0;0;0;"V";"6.102";"S";"";"5";"M";"55";0;0;0;0;1556.30;1
1;"L1P20514";1;1;0;0;0;0;0;"V";"5.102";"S";"S";"5";"M";"55";0;0;149.80;0;0;1
1;"L1P20519";1;1;0;0;0;0;0;"V";"5.102";"S";"S";"5";"V";"55";0;0;927.40;0;0;1
1;"L1P20522";1;1;0;0;0;0;0;"D";"6.202";"S";"";"1";"M";"55";146.88;0;0;0;0;0
1;"L1P20516";1;1;0;0;0;0;0;"V";"5.102";"S";"S";"5";"M";"55";0;0;0;0;572.20;1
1;"L1P20518";1;1;0;0;0;0;0;"V";"5.102";"S";"S";"5";"M";"55";0;0;0;0;250.08;1
1;"L1V20515";1;1;0;0;0;0;0;"V";"5.102";"S";"S";"5";"V";"55";0;0;0;0;379.42;1
1;"L1P20517";1;1;0;0;0;0;0;"V";"5.102";"S";"S";"5";"M";"55";0;0;167.64;0;0;1
1;"L1P20512";1;1;0;0;0;0;0;"V";"5.102";"S";"";"3";"M";"55";0;0;415.40;0;0;1
1;"L1V20523";1;1;0;0;0;0;0;"V";"5.102";"S";"S";"5";"V";"55";0;0;0;0;580.02;1
1;"L1V20526";1;1;0;0;0;0;0;"V";"5.102";"S";"S";"5";"V";"55";0;0;0;0;828;1
1;"L1V20524";1;1;0;0;0;0;0;"V";"5.102";"S";"S";"5";"V";"55";0;0;0;0;1070.10;1
1;"L1P20525";1;1;0;0;0;0;0;"V";"5.102";"S";"S";"5";"M";"55";0;0;96.98;0;0;1
1;"L1P20520";1;1;0;0;0;0;0;"V";"5.102";"S";"S";"5";"M";"55";0;0;0;0;202.38;1
1;"L1P20527";1;1;0;0;0;0;0;"V";"5.102";"S";"";"5";"M";"55";0;0;0;0;336.78;1
1;"L1V20521";1;1;0;0;0;0;0;"V";"5.102";"S";"S";"5";"V";"55";0;0;0;0;2006.82;1
1;"L1V20529";1;1;0;0;0;0;0;"V";"5.102";"S";"S";"5";"V";"55";0;0;0;0;169.14;1
1;"L1P20509";1;1;0;0;0;0;0;"V";"5.102";"S";"S";"5";"M";"55";0;0;0;0;276.30;1
1;"L1P20528";1;1;0;0;0;0;0;"V";"5.102";"S";"S";"5";"M";"55";0;0;448.40;0;0;1
1;"L1V20531";1;1;0;0;0;0;0;"V";"5.102";"S";"S";"5";"V";"55";0;0;0;0;231;1
1;"L1V20530";1;1;0;0;0;0;0;"V";"5.102";"S";"S";"5";"V";"55";0;0;0;0;563.84;1
1;"L1P20533";1;1;0;0;0;0;0;"V";"5.102";"S";"S";"5";"M";"55";0;0;0;0;74.49;1
1;"L1V20534";1;1;0;0;0;0;0;"V";"5.102";"S";"S";"5";"V";"55";0;0;0;0;326.07;1
1;"L1P20532";1;1;0;0;0;0;0;"V";"5.102";"S";"S";"5";"V";"55";0;0;0;0;558.15;1
1;"L1P20541";1;1;0;0;0;0;0;"V";"5.102";"S";"S";"5";"M";"55";0;0;0;0;818.54;1
1;"L1P20539";1;1;0;0;0;0;0;"V";"5.102";"S";"S";"5";"M";"55";0;0;321.15;0;0;1
1;"L1V20537";1;1;0;0;0;0;0;"V";"5.102";"S";"S";"5";"V";"55";0;0;0;0;1574.43;1
1;"L1P20536";1;1;0;76.14;0;0;0;"V";"6.102";"S";"S";"5";"V";"55";0;0;0;0;1292.80;1
1;"L1V20545";1;1;0;0;0;0;0;"V";"5.102";"S";"S";"5";"V";"55";0;0;0;0;502.40;1
1;"L1P20542";1;1;0;0;0;0;0;"V";"5.102";"S";"S";"5";"M";"55";0;0;0;0;936.40;1
1;"L1V20546";1;1;0;0;0;0;0;"V";"5.102";"S";"S";"5";"V";"55";0;0;0;0;336.78;1
1;"L1V20544";1;1;0;0;0;0;0;"V";"5.102";"S";"S";"5";"V";"55";0;0;0;0;495.01;1
1;"L1P20549";1;1;0;0;0;0;0;"V";"5.102";"S";"S";"5";"M";"55";0;0;419.50;0;0;1
1;"L1V20548";1;1;0;0;0;0;0;"V";"5.102";"S";"S";"5";"V";"55";0;0;0;0;209.40;1
1;"L1V20550";1;1;0;0;0;0;0;"V";"5.102";"S";"S";"5";"V";"55";0;0;0;0;1705.23;1
1;"L1V20547";1;1;0;0;0;0;0;"V";"5.102";"S";"S";"5";"V";"55";0;0;0;0;1448.95;1
1;"L1P20552";1;1;0;0;0;0;0;"V";"5.102";"S";"S";"5";"M";"55";0;0;363.60;0;0;1
1;"L1V20551";1;1;0;0;0;0;0;"V";"5.102";"S";"S";"5";"V";"55";0;0;0;0;311.30;1
1;"L1V20558";1;1;0;0;0;0;0;"V";"5.102";"S";"S";"5";"V";"55";0;0;0;0;392.40;1
1;"L1V20556";1;1;0;0;0;0;0;"V";"5.102";"S";"S";"5";"V";"55";0;0;0;0;317.10;1
1;"L1P20543";1;1;0;0.00;0;0;0;"V";"5.102";"S";"S";"5";"M";"55";0;0;238.79;0;0;1
1;"L1V20565";1;1;0;0;0;0;0;"V";"5.102";"S";"S";"5";"V";"55";0;0;0;0;283.50;1
1;"L1P20562";1;1;0;0;0;0;0;"V";"5.102";"S";"S";"5";"V";"55";0;0;0;0;415.52;1
1;"L1V20538";1;1;0;0;0;0;0;"V";"5.102";"S";"S";"5";"V";"55";0;0;0;0;445.30;1
1;"L1V20563";1;1;0;0;0;0;0;"V";"5.102";"S";"S";"5";"V";"55";0;0;0;0;371.12;1
1;"L1V20560";1;1;0;0;0;0;0;"V";"5.102";"S";"S";"5";"V";"55";0;0;267.60;0;0;1
1;"L1V20569";1;1;0;0;0;0;0;"V";"5.102";"S";"S";"5";"V";"55";0;0;0;0;1735.80;1
1;"L1V20568";1;1;0;0;0;0;0;"V";"5.102";"S";"S";"5";"V";"55";0;0;0;0;402.32;1
1;"L1V20571";1;1;0;0;0;0;0;"V";"5.102";"S";"S";"5";"V";"55";0;0;0;0;2079.48;1
1;"L1P20554";1;1;0;76.84;0;0;0;"V";"6.102";"S";"S";"5";"V";"55";0;0;0;0;1278.76;1
1;"L1P20572";1;1;0;0;0;0;0;"V";"5.102";"S";"S";"5";"M";"55";0;0;0;0;1732;1
1;"L1V20576";1;1;0;0;0;0;0;"V";"5.102";"S";"S";"5";"V";"55";0;0;0;0;513.90;1
1;"L1P20580";1;1;0;73.09;0;0;0;"V";"6.102";"S";"S";"5";"V";"55";0;0;0;0;1220.11;1
1;"L1P20508";1;1;0;0;0;0;0;"V";"5.102";"S";"S";"5";"S";"NS";161.63;0;0;0;0;0
1;"L1P20564";1;1;0;0;0;0;0;"V";"5.102";"S";"S";"5";"S";"NS";297.65;0;0;0;0;0
1;"L1V20583";1;1;0;0;0;0;0;"V";"5.102";"S";"S";"5";"S";"NS";0;0;575;0;0;0
1;"L1P18344";1;1;0;0;0;0;0;"V";"5.102";"S";"S";"5";"S";"NS";0;0;1278.40;0;0;1
1;"L1P19099";1;1;0;0;0;0;0;"V";"5.102";"S";"S";"3";"S";"NS";0;0;583.99;0;0;1
1;"L1P20315";1;1;0;0;0;0;0;"V";"5.102";"S";"S";"5";"V";"55";0;0;0;0;2181.90;1
1;"L1P20570";1;1;0;0;0;0;0;"V";"5.102";"S";"S";"5";"V";"55";0;0;0;0;1805.50;1
1;"L1V20586";1;1;0;0;0;0;0;"V";"5.102";"S";"S";"5";"V";"55";0;0;0;0;952.70;1
1;"L1P20559";1;1;0;0;0;0;0;"V";"5.102";"S";"S";"5";"V";"55";0;0;0;0;5997.90;1
1;"L1P20583";1;1;0;0;0;0;0;"V";"5.102";"S";"S";"5";"M";"55";0;0;0;0;615.60;1
1;"L1P20581";1;1;0;0;0;0;0;"V";"5.102";"S";"";"5";"M";"55";0;0;292.60;0;0;1
1;"L1P20588";1;1;0;0;0;0;0;"V";"5.102";"S";"S";"5";"V";"55";0;0;0;0;7153.30;1
1;"L1P20587";1;1;0;0;0;0;0;"V";"5.102";"S";"S";"5";"M";"55";0;0;0;0;7870.90;1
1;"L1V20591";1;1;0;0;0;0;0;"V";"5.102";"S";"S";"5";"V";"55";0;0;0;0;332.36;1
1;"L1V20593";1;1;0;0;0;0;0;"V";"5.102";"S";"S";"5";"V";"55";0;0;0;0;1135.46;1
1;"L1V20594";1;1;0;0;0;0;0;"V";"5.102";"S";"S";"5";"V";"55";0;0;0;0;191.42;1
1;"L1V20592";1;1;0;0;0;0;0;"V";"5.102";"S";"S";"5";"V";"55";0;0;0;0;1056.17;1
1;"L1V20598";1;1;0;0;0;0;0;"V";"5.102";"S";"S";"5";"V";"55";0;0;0;0;336.78;1
1;"L1V20599";1;1;0;0;0;0;0;"V";"5.102";"S";"S";"5";"V";"55";0;0;0;0;224.24;1
1;"L1V20600";1;1;0;0;0;0;0;"V";"5.102";"S";"S";"5";"V";"55";0;0;0;0;365.52;1
1;"L1V20596";1;1;0;0;0;0;0;"V";"5.102";"S";"S";"5";"V";"55";0;0;0;0;444.48;1
1;"L1P20601";1;1;0;0;0;0;0;"V";"5.102";"S";"S";"5";"M";"55";0;0;0;0;609.30;1
1;"L1P20597";1;1;0;0;0;0;0;"V";"5.102";"S";"S";"5";"V";"55";0;0;0;0;309.81;1
1;"L1P20574";1;1;0;0;0;0;0;"V";"5.102";"S";"";"5";"M";"55";0;0;158.93;0;0;1
1;"L1P20604";1;1;0;0;0;0;0;"V";"5.102";"S";"S";"5";"M";"55";0;0;0;0;1158.20;1
1;"L1P20606";1;1;0;0;0;0;0;"V";"5.102";"S";"S";"5";"V";"55";0;0;0;0;155.70;1
1;"L1V20610";1;1;0;0;0;0;0;"V";"5.102";"S";"S";"5";"V";"55";0;0;0;0;318.20;1
1;"L1P20612";1;1;0;0;0;0;0;"V";"5.102";"S";"S";"5";"V";"55";0;0;0;0;553.90;1
1;"L1P20609";1;1;0;112.62;0;0;0;"V";"6.102";"S";"";"5";"M";"55";0;0;0;0;1864.38;1
1;"L1P20615";1;1;0;0;0;0;0;"V";"5.102";"S";"S";"5";"M";"55";0;0;0;0;935.60;1
1;"L1P20614";1;1;0;0;0;0;0;"V";"5.102";"S";"S";"5";"M";"55";0;0;0;0;433.57;1
1;"L1V20617";1;1;0;0;0;0;0;"V";"5.102";"S";"S";"5";"V";"55";0;0;0;0;326.31;1
1;"L1P20616";1;1;0;0;0;0;0;"V";"5.102";"S";"S";"5";"M";"55";0;0;0;0;1052.20;1
1;"L1V20618";1;1;0;0;0;0;0;"V";"5.102";"S";"S";"5";"V";"55";0;0;0;0;773.50;1
1;"L1P20620";1;1;0;0;0;0;0;"V";"5.102";"S";"S";"5";"M";"55";0;0;0;0;1192.30;1
1;"L1P20622";1;1;0;0;0;0;0;"V";"5.102";"S";"S";"5";"V";"55";0;0;0;0;790.82;1
1;"L1P20603";1;1;0;0;0;0;0;"V";"5.102";"S";"S";"5";"M";"55";0;0;281;0;0;1
1;"L1P20621";1;1;0;0;0;0;0;"V";"5.102";"S";"S";"5";"V";"55";0;0;0;0;898.90;1
1;"L1P20619";1;1;0;0;0;0;0;"V";"5.102";"S";"S";"5";"V";"55";0;0;0;0;1832.84;1
1;"L1P20633";1;1;0;0;0;0;0;"V";"5.910";"S";"S";"1";"M";"55";39.90;0;0;0;0;0
1;"L1V20613";1;1;0;0;0;0;0;"V";"5.102";"S";"S";"5";"V";"55";0;0;0;0;393;1
1;"L1P20624";1;1;0;47.31;0;2.72;0;"V";"6.102";"C";"S";"5";"V";"55";0;0;848.59;0;0;1
1;"L1P20624";1;1;0;44.31;0;0;0;"V";"6.102";"S";"S";"5";"M";"55";0;0;0;0;851.59;1
1;"L1V20627";1;1;0;0;0;0;0;"V";"5.102";"S";"S";"5";"V";"55";0;0;0;0;2927.46;1
1;"L1V20640";1;1;0;0;0;0;0;"V";"5.102";"S";"S";"5";"V";"55";0;0;0;0;453.37;1
1;"L1P20642";1;1;0;0;0;0;0;"V";"5.102";"S";"";"5";"M";"55";0;0;637.20;0;0;1
1;"L1V20638";1;1;0;0;0;0;0;"V";"5.102";"S";"S";"5";"V";"55";0;0;0;0;201.30;1
1;"L1P20644";1;1;0;0;0;0;0;"V";"5.102";"C";"";"1";"M";"55";1744.10;0;0;0;0;1
1;"L1P20644";1;1;0;0;0;0;0;"V";"5.102";"S";"";"5";"M";"55";0;0;0;0;1751.60;1
1;"L1V20646";1;1;0;0;0;0;0;"V";"5.102";"S";"S";"5";"V";"55";0;0;0;0;153.88;1
1;"L1P20647";1;1;0;0;0;0;0;"V";"5.102";"S";"S";"5";"M";"55";0;0;0;0;1251.32;1
1;"L1V20648";1;1;0;0;0;0;0;"V";"5.102";"S";"S";"5";"V";"55";0;0;0;0;691.80;1
1;"L1P20651";1;1;0;0;0;0;0;"V";"5.102";"S";"S";"5";"M";"55";0;0;435.86;0;0;1
1;"L1P20566";1;1;0;94.91;0;0;0;"V";"6.102";"S";"S";"5";"V";"55";0;0;0;0;1561.91;1
1;"L1V20656";1;1;0;0;0;0;0;"V";"5.102";"S";"S";"5";"V";"55";0;0;0;0;200.10;1
1;"L1P20654";1;1;0;0;0;0;0;"V";"5.102";"S";"S";"5";"V";"55";0;0;0;0;563.11;1
1;"L1P20649";1;1;0;0.00;0;0;0;"V";"5.102";"S";"S";"5";"V";"55";0;0;0;0;2225.66;1
1;"L1P20662";1;1;0;0;0;0;0;"V";"5.102";"S";"S";"5";"M";"55";0;0;457.04;0;0;1
1;"L1P20655";1;1;0;26.45;0;0;0;"V";"5.102";"S";"S";"5";"V";"55";0;0;855.21;0;0;1
1;"L1V20664";1;1;0;0;0;0;0;"V";"5.102";"S";"S";"5";"V";"55";0;0;0;0;944.60;1
1;"L1V20666";1;1;0;0;0;0;0;"V";"5.102";"S";"S";"5";"V";"55";0;0;0;0;383.12;1
1;"L1V20663";1;1;0;0;0;0;0;"V";"5.102";"S";"S";"5";"V";"55";0;0;0;0;575.59;1
1;"L1V20671";1;1;0;0;0;0;0;"V";"5.102";"S";"S";"5";"V";"55";0;0;0;0;989.81;1
1;"L1V20657";1;1;0;0;0;0;0;"V";"5.102";"S";"S";"5";"V";"55";0;0;0;0;240.80;1
1;"L1P20659";1;1;0;0;0;0;0;"V";"5.102";"S";"S";"5";"V";"55";0;0;0;0;1557.66;1
1;"L1P20670";1;1;0;0;0;0;0;"V";"5.102";"S";"";"5";"M";"55";0;0;0;0;354.28;1
1;"L1P20669";1;1;0;0;0;0;0;"V";"5.102";"S";"S";"5";"V";"55";0;0;0;0;1843.70;1
1;"L1P20674";1;1;0;0;0;0;0;"V";"5.102";"S";"S";"5";"M";"55";0;0;0;0;717.11;1
1;"L1V20679";1;1;0;0;0;0;0;"V";"5.102";"S";"S";"5";"V";"55";0;0;0;0;467.20;1
1;"L1V20678";1;1;0;0;0;0;0;"V";"5.102";"S";"S";"5";"V";"55";0;0;0;0;1285.50;1
1;"L1P20667";1;1;0;14.38;0;0;0;"V";"5.102";"S";"S";"5";"M";"55";0;0;465.02;0;0;1
1;"L1P20557";1;1;0;0;0;0;0;"V";"5.102";"S";"S";"5";"M";"55";0;0;967.20;0;0;1
1;"L1V20680";1;1;0;0;0;0;0;"V";"5.102";"S";"S";"5";"V";"55";0;0;0;0;861.74;1
1;"L1P20687";1;1;0;0;0;0;0;"V";"5.102";"S";"";"5";"M";"55";0;0;0;0;492.10;1
1;"L1V20683";1;1;0;0;0;0;0;"V";"5.102";"S";"S";"5";"V";"55";0;0;0;0;561.80;1
1;"L1P20681";1;1;0;0;0;0;0;"V";"5.102";"S";"";"5";"M";"55";0;0;0;0;507.30;1
1;"L1P20691";1;1;0;0;0;0;0;"E";"2.102";"S";"";"1";"M";"55";509.10;0;0;0;0;0
1;"L1P20693";1;1;0;0;0;0;0;"E";"2.102";"S";"";"1";"M";"55";379.60;0;0;0;0;0
1;"L1V20694";1;1;0;0;0;0;0;"V";"5.102";"S";"S";"5";"V";"55";0;0;0;0;787.50;1
1;"L1V20692";1;1;0;0;0;0;0;"V";"5.102";"S";"S";"5";"V";"55";0;0;0;0;312.60;1
1;"L1V20690";1;1;0;0;0;0;0;"V";"5.102";"S";"S";"5";"V";"55";0;0;0;0;268.58;1
1;"L1V20697";1;1;0;0;0;0;0;"V";"5.102";"S";"S";"5";"V";"55";0;0;113.72;0;0;1
1;"L1P20699";1;1;0;0;0;0;0;"V";"5.102";"S";"S";"5";"M";"55";0;0;171.58;0;0;1
1;"L1V20702";1;1;0;0;0;0;0;"V";"5.102";"S";"S";"5";"V";"55";0;0;0;0;141.30;1
1;"L1V20701";1;1;0;0;0;0;0;"V";"5.102";"S";"S";"5";"V";"55";0;0;0;0;347.70;1
1;"L1V20700";1;1;0;0;0;0;0;"V";"5.102";"S";"S";"5";"V";"55";0;0;0;0;196.20;1
1;"L1V20705";1;1;0;0;0;0;0;"V";"5.102";"S";"S";"5";"V";"55";0;0;0;0;138.46;1
1;"L1V20709";1;1;0;0;0;0;0;"V";"5.102";"S";"S";"5";"V";"55";0;0;0;0;420.90;1
1;"L1V20703";1;1;0;0;0;0;0;"V";"5.102";"S";"S";"5";"V";"55";0;0;1074.19;0;0;1
1;"L1P20711";1;1;0;31.46;0;0;0;"V";"6.102";"S";"S";"5";"V";"55";0;0;0;0;567.94;1
1;"L1P20706";1;1;0;35.72;0;0;0;"V";"6.102";"S";"S";"5";"V";"55";0;0;0;0;634.62;1
1;"L1V20714";1;1;0;0;0;0;0;"V";"5.102";"S";"S";"5";"V";"55";0;0;0;0;570.50;1
1;"L1V20716";1;1;0;0;0;0;0;"V";"5.102";"S";"S";"5";"V";"55";0;0;0;0;570.50;1
1;"L1V20715";1;1;0;0;0;0;0;"V";"5.102";"S";"S";"5";"V";"55";0;0;0;0;570.50;1
1;"L1V20723";1;1;0;0;0;0;0;"V";"5.102";"S";"S";"5";"V";"55";0;0;0;0;326.75;1
1;"L1P20719";1;1;0;0;0;0;0;"V";"5.102";"S";"";"5";"M";"55";0;0;0;0;376.14;1
1;"L1V20720";1;1;0;0;0;0;0;"V";"5.102";"S";"S";"5";"V";"55";0;0;0;0;157.10;1
1;"L1V20724";1;1;0;0;0;0;0;"V";"5.102";"S";"S";"5";"V";"55";0;0;0;0;512.36;1
1;"L1P20707";1;1;0;0;0;7.91;0;"V";"5.102";"S";"S";"5";"V";"55";0;0;659;0;0;1
1;"L1P20718";1;1;0;0.00;0;0;0;"V";"5.102";"S";"";"5";"M";"55";0;0;0;0;275.70;1
1;"L1V20631";1;1;0;0;0;0;0;"V";"5.102";"S";"S";"5";"V";"55";0;0;0;0;863.74;1
1;"L1V20721";1;1;0;0;0;0;0;"V";"5.102";"S";"S";"5";"V";"55";0;0;0;0;124.72;1
1;"L1V20725";1;1;0;0;0;0;0;"V";"5.102";"S";"S";"5";"V";"55";0;0;0;0;250.74;1
1;"L1V20682";1;1;0;0;0;0;0;"V";"5.102";"S";"S";"5";"V";"55";0;0;0;0;339.26;1
1;"L1P20685";1;1;0;0;0;0;0;"V";"5.102";"S";"S";"5";"M";"55";0;0;0;0;407.85;1
1;"L1V20686";1;1;0;0.00;0;0;0;"V";"5.102";"S";"S";"5";"V";"55";0;0;0;0;362.34;1
1;"L1P20684";1;1;0;0;0;0;0;"V";"5.102";"S";"S";"5";"V";"55";0;0;0;0;492.54;1
1;"L1P20704";1;1;0;0;0;0;0;"V";"5.102";"S";"S";"5";"V";"55";0;0;0;0;315;1
1;"L1P20730";1;1;0;0;0;0;0;"V";"5.102";"S";"S";"5";"M";"55";0;0;0;0;434.70;1
1;"L1P20729";1;1;0;0;0;0;0;"V";"5.102";"S";"S";"5";"V";"55";0;0;0;0;688.20;1
1;"L1P20734";1;1;0;0;0;0;0;"V";"5.102";"S";"S";"5";"M";"55";0;0;0;0;886.94;1
1;"L1V20735";1;1;0;0;0;0;0;"V";"5.102";"S";"S";"5";"V";"55";0;0;0;0;174.30;1
1;"L1V20728";1;1;0;0;0;0;0;"V";"5.102";"S";"S";"5";"V";"55";0;0;0;0;441.51;1
1;"L1V20710";1;1;0;0;0;0;0;"V";"5.102";"S";"S";"5";"V";"55";0;0;1987.96;0;0;1
1;"L1P20744";1;1;0;0;0;0;0;"V";"5.102";"S";"S";"5";"M";"55";0;0;478.40;0;0;1
1;"L1P20739";1;1;0;0.00;0;0;0;"V";"5.102";"S";"S";"5";"M";"55";0;0;219.40;0;0;1
1;"L1V20650";1;1;0;0;0;0;0;"V";"5.102";"S";"S";"5";"V";"55";0;0;0;0;1057.94;1
1;"L1V20635";1;1;0;0.00;0;0;0;"V";"5.102";"S";"S";"5";"V";"55";0;0;0;0;497.94;1
1;"L1V20634";1;1;0;0.00;0;0;0;"V";"5.102";"S";"S";"5";"V";"55";0;0;0;0;497.94;1
1;"L1P20605";1;1;0;0;0;0;0;"V";"5.102";"S";"S";"5";"V";"55";0;0;0;0;2020.20;1
1;"L1V20743";1;1;0;0;0;0;0;"V";"5.102";"S";"S";"5";"V";"55";0;0;0;0;159;1
1;"L1P20722";1;1;0;0;0;0;0;"V";"5.102";"S";"S";"5";"V";"55";0;0;0;0;589.08;1
1;"L1V20742";1;1;0;0;0;0;0;"V";"5.102";"S";"S";"5";"V";"55";0;0;0;0;322.60;1
1;"L1P20733";1;1;0;58.36;0;0;0;"V";"6.102";"S";"";"5";"M";"55";0;0;0;0;1014.34;1
1;"L1V20745";1;1;0;0;0;0;0;"V";"5.102";"S";"S";"5";"V";"55";0;0;0;0;350.70;1
1;"L1P20643";1;1;0;0;0;0;0;"V";"5.102";"S";"S";"5";"V";"55";0;0;0;0;1000.38;1
1;"L1V20630";1;1;0;0.00;0;0;0;"V";"5.102";"S";"S";"5";"V";"55";0;0;0;0;497.94;1
1;"L1V20637";1;1;0;0.00;0;0;0;"V";"5.102";"S";"S";"5";"V";"55";0;0;0;0;497.94;1
1;"L1V20632";1;1;0;0.00;0;0;0;"V";"5.102";"S";"S";"5";"V";"55";0;0;0;0;497.94;1
1;"L1V20746";1;1;0;0;0;0;0;"V";"5.102";"S";"S";"5";"V";"55";0;0;0;0;158.69;1
1;"L1V20741";1;1;0;0;0;0;0;"V";"5.102";"S";"S";"5";"V";"55";0;0;0;0;655.58;1
1;"L1P20611";1;1;0;0;0;0;0;"V";"5.102";"S";"S";"5";"V";"55";0;0;0;0;1499.82;1
1;"L1V20629";1;1;0;0;0;0;0;"V";"5.102";"S";"S";"5";"V";"55";0;0;0;0;592.83;1
1;"L1V20660";1;1;0;0.00;0;0;0;"V";"5.102";"S";"S";"5";"V";"55";0;0;0;0;497.94;1
1;"L1P20626";1;1;0;0;0;0;0;"V";"5.102";"S";"S";"5";"V";"55";0;0;0;0;502.44;1
1;"L1V20639";1;1;0;0.00;0;0;0;"V";"5.102";"S";"S";"5";"V";"55";0;0;0;0;497.94;1
1;"L1V20641";1;1;0;0.00;0;0;0;"V";"5.102";"S";"S";"5";"V";"55";0;0;0;497.94;0;1
1;"L1V20636";1;1;0;0.00;0;0;0;"V";"5.102";"S";"S";"5";"V";"55";0;0;0;0;497.94;1
1;"L1P20641";1;1;0;0;0;0;0;"V";"5.102";"S";"S";"5";"M";"55";0;0;0;0;502.44;1
1;"L1V20732";1;1;0;0;0;0;0;"V";"5.102";"S";"S";"5";"V";"55";0;0;437.62;0;0;1
1;"L1P20757";1;1;0;0;0;0;0;"V";"5.102";"S";"S";"5";"M";"55";0;0;1797;0;0;1
1;"L1V20747";1;1;0;0;0;0;0;"V";"5.102";"S";"S";"5";"V";"55";0;0;0;0;336.78;1
1;"L1V20750";1;1;0;0;0;0;0;"V";"5.102";"S";"S";"5";"V";"55";0;0;0;0;847.86;1
1;"L1P20753";1;1;0;0;0;0;0;"V";"5.102";"S";"S";"5";"V";"55";0;0;0;0;1266.76;1
1;"L1P20759";1;1;0;0.00;0;0;0;"V";"5.102";"S";"S";"5";"M";"55";0;0;697.14;0;0;1
1;"L1P20756";1;1;0;0.00;0;0;0;"V";"5.102";"S";"S";"5";"M";"55";0;0;184.70;0;0;1
1;"L1V20760";1;1;0;0;0;0;0;"V";"5.102";"C";"S";"5";"V";"55";0;0;0;0;1169.74;1
1;"L1P20763";1;1;0;0;0;0;0;"V";"5.102";"S";"S";"5";"S";"NS";0;0;1224.26;0;0;0
1;"L1P20760";1;1;0;0;0;0;0;"V";"5.102";"S";"S";"5";"M";"55";0;0;0;0;1169.74;1
1;"L1P20761";1;1;0;0;0;0;0;"V";"5.102";"S";"S";"5";"M";"55";0;0;305.50;0;0;1
1;"L1P20762";1;1;0;0;0;0;0;"V";"5.102";"S";"";"5";"M";"55";0;0;383.60;0;0;1
1;"L1V20488";1;1;0;0;0;0;0;"V";"5.102";"S";"S";"5";"V";"55";0;0;0;0;301.20;1
1;"L1V20765";1;1;0;0.00;0;0;0;"V";"5.102";"S";"S";"5";"V";"55";0;0;0;0;497.94;1
1;"L1P20767";1;1;0;0;0;0;0;"V";"5.102";"S";"S";"5";"M";"55";0;0;0;0;113.26;1
1;"L1V20766";1;1;0;0;0;0;0;"V";"5.102";"S";"S";"5";"V";"55";0;0;0;0;69.40;1
1;"L1P20768";1;1;0;0;0;0;0;"V";"5.102";"S";"S";"5";"M";"55";0;0;0;0;1506.12;1
1;"L1V20771";1;1;0;0;0;0;0;"V";"5.102";"S";"S";"5";"V";"55";0;0;0;0;582.74;1
1;"L1P20773";1;1;0;0;0;0;0;"V";"5.102";"S";"S";"1";"S";"NS";518;0;0;0;0;0
1;"L1V20777";1;1;0;0;0;0;0;"V";"5.102";"S";"S";"5";"V";"55";0;0;0;0;578.10;1
1;"L1V20778";1;1;0;0;0;0;0;"V";"5.102";"S";"S";"5";"V";"55";0;0;0;0;131.30;1
1;"L1P20765";1;1;0;0;0;0;0;"V";"5.102";"S";"S";"5";"V";"55";0;0;0;0;500.94;1
1;"L1V20780";1;1;0;0;0;0;0;"V";"5.102";"S";"S";"5";"V";"55";0;0;0;0;1652.20;1
1;"L1V20782";1;1;0;0;0;0;0;"V";"5.102";"S";"S";"5";"V";"55";0;0;0;0;543.12;1
1;"L1P20781";1;1;0;0;0;0;0;"V";"5.102";"S";"";"5";"M";"55";0;0;0;0;969.80;1
1;"L1P20774";1;1;0;26.92;0;0;0;"V";"5.102";"S";"S";"5";"V";"55";863.44;0;0;0;0;1
1;"L1V20784";1;1;0;0;0;0;0;"V";"5.102";"S";"S";"5";"V";"55";0;0;0;0;537.80;1
1;"L1P20778";1;1;0;0;0;0;0;"V";"5.102";"S";"S";"5";"M";"55";0;0;0;0;731.54;1
1;"L1P20783";1;1;0;0;0;0;0;"V";"5.102";"S";"S";"5";"V";"55";0;0;0;0;675.54;1
1;"L1P20775";1;1;0;0;0;0;0;"V";"5.102";"S";"";"5";"M";"55";0;0;1365.27;0;0;1
1;"L1V20785";1;1;0;0;0;0;0;"V";"5.102";"S";"S";"5";"V";"55";0;0;0;0;320.38;1
1;"L1P20786";1;1;0;53.50;0;0;0;"V";"6.102";"S";"S";"5";"M";"55";0;0;0;0;888.10;1
1;"L1P20779";1;1;0;0;0;0;0;"V";"5.102";"S";"";"5";"M";"55";0;0;0;0;1837.90;1
1;"L1V20789";1;1;0;0.00;0;0;0;"V";"5.102";"S";"S";"5";"V";"55";0;0;0;0;497.94;1
1;"L1P20788";1;1;0;0;0;0;0;"V";"5.102";"S";"S";"5";"M";"55";0;0;307.20;0;0;1
1;"L1V20791";1;1;0;0.00;0;0;0;"V";"5.102";"S";"S";"5";"V";"55";0;0;0;0;497.94;1
1;"L1V20792";1;1;0;0.00;0;0;0;"V";"5.102";"S";"S";"5";"V";"55";0;0;0;0;497.94;1
1;"L1P20793";1;1;0;0;0;0;0;"V";"5.102";"S";"S";"5";"M";"55";0;0;0;0;247.52;1
1;"L1V20794";1;1;0;0;0;0;0;"V";"5.102";"S";"S";"5";"V";"55";0;0;0;0;2879.10;1
1;"L1P20799";1;1;0;0;0;0;0;"V";"5.102";"S";"";"5";"M";"55";0;0;0;0;2808.50;1
1;"L1V20790";1;1;0;0;0;0;0;"V";"5.102";"S";"S";"5";"V";"55";0;0;0;0;871.10;1
1;"L1V20798";1;1;0;0;0;0;0;"V";"5.102";"S";"S";"5";"V";"55";0;0;0;0;859.10;1
1;"L1V20795";1;1;0;0;0;0;0;"V";"5.102";"C";"S";"1";"V";"55";101.39;0;0;0;0;1
1;"L1V20796";1;1;0;0;0;0;0;"V";"5.102";"S";"S";"5";"V";"55";0;0;0;0;574.10;1
1;"L1P20795";1;1;0;0;0;0;0;"V";"5.102";"S";"S";"5";"M";"55";0;0;0;0;104.39;1
1;"L1P20698";1;1;0;117.29;0;0;0;"V";"6.102";"S";"S";"5";"V";"55";0;0;0;0;1887.50;1
1;"L1P20769";1;1;0;121.28;0;0;0;"V";"6.102";"S";"S";"5";"M";"55";0;0;0;0;2000.08;1
1;"L1P20817";1;1;0;0;0;0;0;"V";"5.102";"S";"S";"5";"M";"55";0;0;0;0;16248.84;1
1;"L1P20805";1;1;0;0;0;0;0;"V";"5.102";"S";"";"5";"M";"55";0;0;0;0;680.40;1
1;"L1P20812";1;1;0;0;0;0;0;"V";"5.102";"S";"S";"5";"M";"55";0;0;0;0;669.29;1
1;"L1V20810";1;1;0;0;0;0;0;"V";"5.102";"S";"S";"5";"V";"55";0;0;0;0;1593.03;1
1;"L1P20814";1;1;0;0;0;0;0;"V";"5.102";"S";"S";"5";"M";"55";0;0;0;0;3208;1
1;"L1V20813";1;1;0;0;0;0;0;"V";"5.102";"S";"S";"5";"V";"55";0;0;0;0;263.92;1
1;"L1P20818";1;1;0;0;0;0;0;"V";"5.102";"S";"S";"5";"M";"55";0;0;0;0;20415.72;1
1;"L1P20811";1;1;0;0;0;0;0;"V";"5.102";"S";"S";"5";"M";"55";0;0;0;0;522.20;1
1;"L1P20804";1;1;0;0;0;0;0;"V";"5.102";"S";"";"5";"M";"55";0;0;0;0;534.10;1
1;"L1V20808";1;1;0;0;0;0;0;"V";"5.102";"S";"S";"5";"V";"55";0;0;0;0;298.17;1
1;"L1V20806";1;1;0;0;0;0;0;"V";"5.102";"S";"S";"5";"V";"55";0;0;0;0;248.20;1
1;"L1P20803";1;1;0;0;0;0;0;"V";"5.102";"S";"S";"5";"M";"55";0;0;0;0;1686.08;1
1;"L1V20801";1;1;0;0.00;0;0;0;"V";"5.102";"S";"S";"5";"V";"55";0;0;0;0;497.94;1
1;"L1V20815";1;1;0;0;0;0;0;"V";"5.102";"S";"S";"5";"V";"55";0;0;0;0;966.51;1
1;"L1P20819";1;1;0;0;0;0;0;"V";"5.102";"S";"S";"5";"M";"55";0;0;0;0;31066.20;1
1;"L1P20820";1;1;0;0;0;0;0;"V";"5.102";"S";"S";"5";"M";"55";0;0;0;0;18439.20;1
1;"L1P20821";1;1;0;0;0;0;0;"V";"5.102";"S";"S";"5";"M";"55";0;0;0;0;3076.80;1
1;"L1P20822";1;1;0;0;0;0;0;"V";"5.102";"S";"S";"5";"M";"55";0;0;0;0;38863.20;1
